Molecule_ID,NR-AR,NR-AR-LBD,NR-AhR,NR-Aromatase,NR-ER,NR-ER-LBD,NR-PPAR-gamma,SR-ARE,SR-ATAD5,SR-HSE,SR-MMP,SR-p53
0,0.12209636,0.07654995,0.07711893,0.13761738,0.21859424,0.099072404,0.039402604,0.22920716,0.037827324,0.08320125,0.2813343,0.10091009
1,0.01613397,0.0072916523,0.184284,0.07224784,0.21784951,0.065078236,0.017013948,0.18390629,0.02755372,0.05458611,0.2713806,0.04060656
2,0.01335599,0.0056166663,0.08789137,0.013646132,0.075610235,0.010700091,0.0058913785,0.078492254,0.015937082,0.016191132,0.030682087,0.018150454
3,0.016644292,0.011570592,0.019550914,0.008509364,0.056438148,0.019318454,0.00923036,0.109534666,0.018050741,0.03198166,0.022568103,0.016003206
4,0.006630495,0.0018229029,0.000979625,0.009082466,0.04957626,0.008638182,0.0027720383,0.02333336,0.0006135862,0.014071808,0.02186275,0.0012390782
5,0.0102833165,0.0031124256,0.029879777,0.015109859,0.07313661,0.010400072,0.0050934786,0.04975105,0.0077498774,0.017073518,0.030204615,0.00692702
6,0.021700554,0.009431985,0.2191396,0.028483681,0.17641246,0.048371453,0.013519863,0.1700535,0.044428997,0.05096796,0.12203963,0.049969107
7,0.019865574,0.009572012,0.010524308,0.023222033,0.05662477,0.01412047,0.009654215,0.07132392,0.0068298937,0.028786534,0.035943132,0.013187417
8,0.027536068,0.013016299,0.10584691,0.033369217,0.113639615,0.025186064,0.011414572,0.13778591,0.020798901,0.029572332,0.10044072,0.04169681
9,0.017906833,0.008405132,0.039732244,0.039130583,0.08791231,0.01811299,0.0104199955,0.110605374,0.009161598,0.02799538,0.09425822,0.02608834
10,0.011410634,0.0051821237,0.0041838014,0.016430529,0.04365379,0.009418892,0.0070806984,0.055502955,0.003690049,0.02350856,0.025403637,0.007210682
11,0.004212552,0.0016133969,0.0025749356,0.0017543306,0.025707258,0.0023839423,0.0010947583,0.023259232,0.002258351,0.005064542,0.002404575,0.002250987
12,0.12610216,0.06876941,0.005592669,0.03759692,0.13506748,0.036532685,0.01080018,0.0842879,0.005705369,0.024344472,0.044687353,0.022585385
13,0.7261802,0.7077896,0.0079523325,0.09659028,0.7334244,0.6078462,0.013107915,0.45533517,0.015562045,0.04969661,0.2487273,0.07196234
14,0.0067755696,0.0040700296,0.0045469836,0.0025039406,0.028451884,0.005739292,0.0024536604,0.06786482,0.0048653875,0.01328159,0.009242623,0.009304684
15,0.023997106,0.012055245,0.18147144,0.033949297,0.21790202,0.061937574,0.013613118,0.1746793,0.0446866,0.042205647,0.13079792,0.038390473
16,0.007101843,0.0035503525,0.0048026205,0.0024776515,0.032923322,0.004781007,0.0021675238,0.0405548,0.005036503,0.009913104,0.004145242,0.0048383237
17,0.007848768,0.004868203,0.0072530443,0.0037460844,0.033210382,0.0066140923,0.0027197911,0.079676546,0.0056308736,0.0132644605,0.011301386,0.011045522
18,0.0064006182,0.0038102348,0.0049081696,0.0015570638,0.0311888,0.0055089863,0.0022780416,0.041977104,0.0062035676,0.012857179,0.0041901493,0.0063005867
19,0.03921788,0.022990236,0.38597205,0.103032075,0.2278717,0.0926644,0.042899217,0.32685575,0.07953084,0.12548897,0.36821476,0.16093284
20,0.016023967,0.007845994,0.030068364,0.053667944,0.07910817,0.0201714,0.0196915,0.101235494,0.011641341,0.051778086,0.08498227,0.024830561
21,0.027266333,0.013887653,0.006233749,0.010956332,0.061983567,0.010629719,0.0057081287,0.05373928,0.005937705,0.016767407,0.011735633,0.0126214605
22,0.024035113,0.011348968,0.09151042,0.08855485,0.14311233,0.041738886,0.022173235,0.17000166,0.018418774,0.05529975,0.2530923,0.041394114
23,0.012092329,0.007662669,0.012221325,0.0034787084,0.025493186,0.012920893,0.008385412,0.10373155,0.011382311,0.057033353,0.031682853,0.025803352
24,0.0076677683,0.0027478742,0.011737867,0.028815849,0.052119356,0.009877411,0.008376745,0.061791874,0.004479402,0.02766624,0.052823015,0.00822807
25,0.010152306,0.0036172848,0.04451437,0.017893003,0.06180248,0.008517301,0.0051838523,0.06596094,0.0077915774,0.015113989,0.036770277,0.012597049
26,0.032814506,0.016548753,0.13635057,0.041722193,0.12430102,0.030160459,0.016774138,0.15003288,0.035454307,0.042933363,0.08974419,0.054016195
27,0.022593308,0.01045334,0.17921953,0.04056444,0.11955383,0.023106592,0.015848136,0.13627565,0.035022642,0.0362561,0.08894465,0.042022943
28,0.015566166,0.007740429,0.1284904,0.056170594,0.091351576,0.017591843,0.01741818,0.1497488,0.021042788,0.042790297,0.1313794,0.043851867
29,0.011693136,0.0053070504,0.008147648,0.005301422,0.041102163,0.007024802,0.003790813,0.04581675,0.0065923287,0.014492965,0.008405296,0.007017096
30,0.009322243,0.0040284926,0.0035452533,0.015988113,0.046820287,0.011874743,0.008446845,0.05015178,0.0038217213,0.029012827,0.024225792,0.005220435
31,0.015917636,0.008301034,0.05658372,0.06398124,0.08665125,0.020469032,0.028530953,0.11843132,0.023873564,0.06723464,0.08772761,0.03103182
32,0.015249631,0.0049105594,0.06655359,0.024491752,0.11373907,0.019534001,0.007568089,0.07400013,0.01463639,0.023415113,0.05902218,0.012569588
33,0.014451757,0.0083736805,0.07271677,0.016959168,0.05948918,0.021760039,0.015647754,0.18172786,0.028851448,0.064318776,0.0874227,0.04633165
34,0.023182133,0.014444587,0.13493705,0.079566196,0.10707187,0.026985422,0.026775172,0.18989965,0.027071474,0.05912987,0.1805112,0.06809771
35,0.036621306,0.030161247,0.31268618,0.14862028,0.14766735,0.063395515,0.077312246,0.34044182,0.0795391,0.1631291,0.3920887,0.19795868
36,0.020318914,0.016392872,0.016364472,0.015148824,0.0585573,0.018641563,0.014329034,0.1201509,0.021136135,0.045257688,0.025571879,0.029993095
37,0.024679484,0.02537637,0.067061834,0.16410482,0.103837445,0.054300625,0.10711852,0.27570426,0.040014274,0.20227069,0.30499545,0.10114991
38,0.06885096,0.066477634,0.61075836,0.20048222,0.43483692,0.27876988,0.09116397,0.44945917,0.23291714,0.16371009,0.5013464,0.23295715
39,0.023829993,0.013851899,0.09015831,0.043580145,0.11776301,0.02703857,0.026489226,0.117628396,0.041729353,0.059599273,0.05759207,0.033635724
40,0.011514307,0.0066282246,0.05598039,0.025591038,0.06300807,0.017261477,0.01632787,0.14590123,0.018996155,0.05054114,0.08594122,0.031590454
41,0.008724984,0.0058361664,0.0058510476,0.0044301357,0.03688303,0.00741079,0.0039107427,0.073688634,0.00725932,0.017662523,0.010503409,0.011439819
42,0.0153175555,0.005141852,0.023550449,0.040409002,0.10220285,0.022540603,0.011534531,0.07337641,0.00814703,0.036869667,0.08785338,0.010798041
43,0.0106945345,0.0046374043,0.081263065,0.02704158,0.058517426,0.008778105,0.008962233,0.09621706,0.011763262,0.024753947,0.06233241,0.026021203
44,0.024053087,0.012595495,0.06599077,0.04228852,0.099662974,0.02211231,0.0143960845,0.1225447,0.020816704,0.036559574,0.072197296,0.031427756
45,0.026638607,0.015596965,0.14988226,0.05933648,0.10616931,0.024605094,0.020263359,0.17778337,0.03000169,0.045863636,0.12937851,0.06648265
46,0.025757877,0.019485129,0.073400244,0.12506434,0.09844298,0.029804874,0.04315322,0.21247546,0.019643389,0.08710317,0.26325992,0.08786484
47,0.008575916,0.0032121928,0.03716058,0.010111589,0.056467723,0.006903759,0.0050479374,0.053830117,0.011827184,0.0154010495,0.015789932,0.008546568
48,0.01166522,0.0046989857,0.03682496,0.059690494,0.074611545,0.016036745,0.013383993,0.10834822,0.0060256836,0.040069144,0.16983515,0.023398915
49,0.008779931,0.004571216,0.0061967536,0.007742396,0.040187377,0.0089798,0.0055679255,0.05736026,0.007011971,0.020405414,0.012189171,0.006669743
50,0.011164831,0.0062492876,0.053624477,0.015443957,0.053348,0.012360747,0.01113676,0.12048771,0.02182029,0.0420886,0.043218732,0.02870545
51,0.008913018,0.004278156,0.0054564094,0.0038030236,0.038063277,0.0053569986,0.0028677434,0.040204164,0.0054914695,0.011443546,0.005433193,0.0054202066
52,0.008067042,0.0024165187,0.05778711,0.0113130715,0.058952454,0.0069188043,0.0034870214,0.057350222,0.0072630495,0.01121214,0.031082,0.009324794
53,0.006182935,0.0028032186,0.037610233,0.005459689,0.04092192,0.005727351,0.003880346,0.06253759,0.012046025,0.016499499,0.013384995,0.010523345
54,0.0029057127,0.00071078585,0.0035594753,0.006081994,0.028454158,0.0031900592,0.0016629589,0.022911895,0.0010341982,0.0078977365,0.013539349,0.0016407961
55,0.035218555,0.021234589,0.2617179,0.058887605,0.16954297,0.049343932,0.023021707,0.20632717,0.057649866,0.050116837,0.1599495,0.06899701
56,0.012754347,0.0073224385,0.0050855805,0.024458012,0.054706763,0.018817598,0.014363449,0.07874222,0.0067910124,0.04709725,0.038154423,0.009667089
57,0.0077216127,0.0030198467,0.04975872,0.017969027,0.0545674,0.0068594655,0.0062009394,0.073090546,0.010289923,0.018922843,0.032706674,0.013525238
58,0.01720885,0.013917802,0.015285462,0.024337463,0.069861874,0.021585796,0.019088991,0.10408344,0.022908753,0.053914674,0.027114078,0.022295684
59,0.014554724,0.010563708,0.0065674963,0.01163164,0.044957988,0.011222809,0.009116755,0.09145648,0.008907498,0.032077696,0.019667627,0.019694142
60,0.007536698,0.0023820582,0.033252712,0.008040091,0.045290925,0.005110043,0.0033510637,0.04378755,0.0073799556,0.010958063,0.0138013335,0.0070470395
61,0.0386151,0.041082304,0.49084672,0.18202886,0.32077515,0.17528214,0.11013725,0.4870407,0.12477294,0.26654378,0.6110973,0.34467623
62,0.0173077,0.007667083,0.04344963,0.06315924,0.10548601,0.028535737,0.01697715,0.123597674,0.01042756,0.04686732,0.16878743,0.026018776
63,0.013164588,0.030469326,0.012973555,0.08123678,0.07565849,0.08598513,0.16101184,0.36551663,0.041847493,0.30007374,0.3020514,0.09586889
64,0.016998405,0.015843993,0.049450893,0.036055576,0.056023043,0.02120091,0.033334903,0.20058575,0.029823894,0.096795656,0.09369494,0.06414124
65,0.010186933,0.0036666635,0.028384104,0.0050696144,0.03180903,0.009219766,0.005632962,0.070088685,0.008558266,0.03424674,0.032702964,0.016845664
66,0.008405125,0.004489945,0.009252837,0.0027794007,0.03713555,0.0067122313,0.0031584937,0.051100504,0.008359968,0.014928701,0.0067084623,0.008202906
67,0.008827424,0.004203964,0.0033679984,0.011378808,0.0409194,0.008889687,0.006114372,0.044574115,0.0037486656,0.021453077,0.0142249,0.0050387206
68,0.017747667,0.007454156,0.07232915,0.048188612,0.12845749,0.029391065,0.013764389,0.11414864,0.015364432,0.0369132,0.12981498,0.022970045
69,0.027993815,0.014393594,0.11649744,0.045245472,0.13879213,0.03321644,0.011939129,0.16379246,0.024039004,0.029705934,0.123695835,0.039672133
70,0.013173382,0.004402685,0.026086241,0.03255452,0.085875556,0.016815657,0.00980727,0.068256035,0.008015944,0.03065442,0.06836885,0.01072203
71,0.008190218,0.0061240643,0.01994749,0.038994018,0.03960384,0.012640806,0.025838705,0.13628073,0.010004844,0.08062371,0.09802604,0.028127287
72,0.019132957,0.0077835782,0.13300253,0.025526678,0.12576371,0.022791876,0.010815172,0.0964004,0.031569272,0.027691485,0.052750193,0.021561835
73,0.004662376,0.0018943839,0.0035287128,0.0012733398,0.027610566,0.0025269457,0.0010116614,0.024075372,0.0030915476,0.0050192275,0.0019486878,0.0025630204
74,0.01560327,0.0070341583,0.05002184,0.025980322,0.08819004,0.016250348,0.011780157,0.078611866,0.019303193,0.03131983,0.035745196,0.015934518
75,0.011254357,0.006094003,0.047552053,0.031295434,0.05796705,0.010778389,0.011200675,0.10687639,0.013651877,0.03564199,0.05368364,0.026085464
76,0.030002773,0.022287516,0.14440197,0.060539816,0.105652966,0.047744263,0.04152365,0.27426177,0.05415795,0.105633,0.19387443,0.09866198
77,0.0070619257,0.0017814772,0.018376738,0.010745721,0.06499517,0.0077171503,0.003185091,0.037213057,0.004219573,0.012628438,0.02541761,0.003913619
78,0.011242313,0.004678746,0.0033384648,0.023224546,0.053901453,0.014475261,0.009774719,0.05303945,0.0029853114,0.034372352,0.04183033,0.0058512087
79,0.033746295,0.019404322,0.21167767,0.05023098,0.14523631,0.03839278,0.020991016,0.18047991,0.04972467,0.047441516,0.120856695,0.059564535
80,0.025070865,0.013217217,0.17557128,0.027998753,0.16916749,0.04827261,0.0073827715,0.20424214,0.025509441,0.02588459,0.17427976,0.044880364
81,0.010268132,0.0030882736,0.019477865,0.015320504,0.056027748,0.009093309,0.0062647085,0.045546934,0.0068595596,0.020243404,0.024902804,0.006683512
82,0.017454298,0.015587201,0.008448235,0.017467754,0.06481326,0.02098588,0.0176065,0.10193845,0.017967843,0.055855393,0.02465598,0.020775504
83,0.028264381,0.014898279,0.27299848,0.059810314,0.14302537,0.055405546,0.031792555,0.27158716,0.057920262,0.1095266,0.26578447,0.12182822
84,0.016544322,0.008347478,0.007219481,0.022769663,0.05574297,0.0171134,0.01187434,0.07857526,0.007361169,0.03730115,0.036798567,0.011600817
85,0.012380921,0.008883548,0.041784514,0.029617166,0.061811414,0.014529604,0.022941932,0.12629578,0.021103047,0.05685544,0.055663355,0.03205668
86,0.02665795,0.014282324,0.12057103,0.08933392,0.11746745,0.029490726,0.025799157,0.1782866,0.022413872,0.05748721,0.21447235,0.06284743
87,0.019429993,0.009551285,0.1559953,0.032306246,0.09108467,0.023215488,0.013871402,0.17834648,0.025413457,0.041467115,0.13724497,0.05808643
88,0.009047827,0.031886995,0.16955447,0.07972705,0.010306837,0.07724574,0.102383256,0.07061628,0.012404791,0.17427759,0.23492432,0.08822433
89,0.0139296055,0.0054285107,0.07600861,0.05292021,0.16148601,0.04089324,0.011088572,0.13044718,0.011918246,0.038580198,0.20495035,0.022995185
90,0.006839789,0.0033735232,0.004534011,0.0038853365,0.033029255,0.005367207,0.0030208603,0.040106483,0.005258417,0.012133389,0.0053167953,0.0045744483
91,0.010914176,0.0032918057,0.037094224,0.015895767,0.09729596,0.014669973,0.0051100864,0.055810902,0.009301269,0.018231513,0.03824414,0.006942181
92,0.017217312,0.006522215,0.12162891,0.011856768,0.09400173,0.021120423,0.0073436396,0.08989155,0.024534531,0.030029511,0.039796565,0.021641629
93,0.005706026,0.0028772398,0.0063963654,0.002352785,0.034713633,0.0038133436,0.0017730868,0.034863193,0.0056151436,0.0077451817,0.0031068132,0.004179822
94,0.009280882,0.007063471,0.0070763077,0.0039237924,0.04545364,0.00941769,0.00498801,0.07530163,0.01251746,0.021887423,0.007933384,0.012477737
95,0.05491385,0.04111049,0.49331138,0.14795984,0.32523152,0.14925565,0.062229425,0.31835827,0.15875426,0.10744845,0.33917204,0.14073531
96,0.014792446,0.0075662485,0.07188306,0.044278096,0.07438514,0.014352524,0.015518785,0.124427184,0.018988911,0.03898584,0.07149638,0.030972695
97,0.0059606163,0.002044381,0.00088830036,0.010801424,0.03747388,0.007857766,0.0042129927,0.029487193,0.00081097527,0.018423894,0.022086738,0.0018596523
98,0.010888797,0.008643717,0.001988252,0.026356779,0.04352268,0.020071296,0.02447769,0.0950353,0.004687748,0.073448956,0.05580227,0.012731204
99,0.0059238593,0.0042292755,0.0065762755,0.0020592227,0.037341017,0.005853428,0.0026645507,0.053344246,0.009683061,0.012332859,0.003950329,0.0070408154
100,0.06745179,0.07041496,0.59174895,0.15785438,0.5429775,0.42027986,0.06341016,0.5191266,0.18907689,0.15909827,0.5902561,0.24924596
101,0.015434137,0.007619667,0.15646458,0.03308183,0.0735284,0.021205824,0.01354881,0.21179545,0.019421505,0.046447206,0.20979081,0.07336681
102,0.024005355,0.012094829,0.22078128,0.07579099,0.1804093,0.05233114,0.022272818,0.20064545,0.03804167,0.05301049,0.24094588,0.055354945
103,0.008746861,0.0035309554,0.0460157,0.016617924,0.053213574,0.007314364,0.00659778,0.068970844,0.011502878,0.019875381,0.026194945,0.013882663
104,0.012366627,0.005870615,0.004891743,0.014723937,0.04939407,0.011806921,0.008478334,0.050099857,0.0052176747,0.028065577,0.018951094,0.006577064
105,0.012568233,0.0077169747,0.006207602,0.0068333945,0.044114616,0.009410754,0.0056254994,0.060496043,0.008389192,0.019470813,0.009180044,0.009047395
106,0.02099072,0.017692829,0.015277203,0.019508505,0.060623102,0.020372802,0.016998237,0.1319914,0.020265216,0.0533287,0.033410463,0.033255786
107,0.052316915,0.08514173,0.6826387,0.16573413,0.6864351,0.6281255,0.0740986,0.61693656,0.21180579,0.23041439,0.6971604,0.3731376
108,0.011439307,0.007156386,0.009008016,0.009013467,0.045120448,0.010933382,0.0072190403,0.073652126,0.0113176275,0.025348295,0.013676999,0.010689057
109,0.00769957,0.0028997064,0.03362637,0.0063751256,0.053339474,0.008426509,0.0036735837,0.06892902,0.0094597405,0.015353984,0.024684463,0.009266249
110,0.00909639,0.003628918,0.0022590742,0.016642315,0.04691564,0.0110177845,0.0073006176,0.042716503,0.0022408394,0.02645548,0.027433269,0.004116954
111,0.015213391,0.0076060244,0.07133292,0.02037859,0.0724986,0.016232437,0.008143001,0.13797837,0.013298761,0.026152108,0.08995719,0.034032915
112,0.00710982,0.0027461383,0.0015211797,0.0024251589,0.029639177,0.0031937535,0.0014394096,0.022167204,0.0015887031,0.0063804444,0.0032425944,0.0023099368
113,0.020156376,0.008755878,0.13815904,0.030039856,0.12064172,0.026449082,0.010145294,0.15134016,0.023694888,0.030202035,0.11556228,0.033701092
114,0.005950942,0.0028068214,0.003230408,0.0031095922,0.030490337,0.004271545,0.0023186456,0.034542117,0.0037655944,0.009597542,0.004354854,0.0036926179
115,0.012120233,0.007133698,0.010668936,0.006728118,0.046409313,0.009589138,0.0052882847,0.06862209,0.011360488,0.019794617,0.0102743665,0.009888218
116,0.01947379,0.009655246,0.02760967,0.09609779,0.09020521,0.03096675,0.037187953,0.12532845,0.013689787,0.098027304,0.17031941,0.028709497
117,0.024087863,0.010765964,0.11143235,0.041761827,0.16142897,0.03586547,0.014330697,0.118932284,0.029052516,0.03977249,0.09845421,0.02691492
118,0.0052306377,0.0012625445,0.001373509,0.008980912,0.034203596,0.0054788454,0.002315938,0.023234786,0.00063678605,0.010798943,0.020989016,0.0015539275
119,0.008989523,0.0039671795,0.003030181,0.0126093505,0.042196896,0.009755644,0.00671076,0.04431457,0.003348564,0.024011495,0.017710896,0.0046000383
120,0.008255513,0.0026665817,0.021470034,0.013136142,0.053175166,0.0068953754,0.0041966783,0.046881687,0.0054115485,0.01389112,0.025123203,0.006751196
121,0.017316673,0.008790104,0.0075543663,0.012832143,0.053866945,0.011382515,0.007280701,0.056679748,0.0073915264,0.021651056,0.015106751,0.010032989
122,0.019167027,0.008700199,0.18738197,0.023749938,0.17111455,0.03852168,0.0067704404,0.16442096,0.024929611,0.023594767,0.13110144,0.035890594
123,0.028817918,0.01446555,0.2623333,0.0748672,0.17929685,0.04999009,0.023276081,0.19711106,0.048874646,0.05117701,0.20523055,0.061435346
124,0.061723568,0.03316106,0.013085088,0.046231236,0.09678544,0.02749931,0.01573818,0.09468216,0.00969961,0.03400979,0.051994592,0.029258076
125,0.03644201,0.024178157,0.13675527,0.17700306,0.17988837,0.067843236,0.055591058,0.2587782,0.03526792,0.12112805,0.40086678,0.10297854
126,0.031820126,0.017934259,0.3146788,0.055663265,0.2539551,0.09014398,0.020501075,0.26438603,0.06168827,0.060669824,0.25719067,0.08689469
127,0.011296806,0.0061066863,0.0040389043,0.013911352,0.049757965,0.012768044,0.0095417,0.05258047,0.005387597,0.033148114,0.019125061,0.0067029106
128,0.011755558,0.004691661,0.06022908,0.009090538,0.03954174,0.013586361,0.009554214,0.10766611,0.015261129,0.055387642,0.06970695,0.030486016
129,0.07797356,0.03120317,0.009172647,0.05101525,0.12256843,0.038437307,0.012128131,0.09042781,0.0049646967,0.031369053,0.094199166,0.019008929
130,0.027485065,0.01574823,0.37644392,0.055185113,0.28352606,0.10018492,0.021517292,0.25062746,0.074560635,0.065553,0.23111781,0.08369834
131,0.0060269227,0.0027155718,0.004265538,0.0034549432,0.030947147,0.0047017224,0.0025291196,0.036020227,0.004413852,0.010393478,0.0049208854,0.0038131007
132,0.020364512,0.010437277,0.13226405,0.022192629,0.10498387,0.028335204,0.008375628,0.18520935,0.019392036,0.030328311,0.14763835,0.04905607
133,0.01681691,0.008547462,0.1674341,0.035703324,0.07872438,0.021597143,0.015177548,0.20174429,0.023593303,0.047822777,0.17701216,0.07368561
134,0.021229878,0.010759162,0.21448107,0.054677222,0.11312295,0.034851097,0.020847635,0.25185674,0.02890787,0.063705266,0.2903706,0.097733475
135,0.010885228,0.0053690835,0.09817171,0.020876573,0.055821925,0.01050613,0.0091706235,0.12680419,0.015213876,0.029168759,0.07143832,0.038274135
136,0.015193458,0.00665233,0.059955597,0.05446611,0.093701065,0.019215705,0.018816087,0.10753516,0.016707405,0.04964687,0.10187892,0.023912275
137,0.013617639,0.0064596236,0.0064076753,0.014665784,0.05073693,0.011354871,0.008049014,0.04938999,0.0058602886,0.025699334,0.017656982,0.0073888614
138,0.026010286,0.013719834,0.16715044,0.03306876,0.122125,0.02955312,0.013612715,0.1605716,0.03288603,0.035585083,0.10690716,0.04813712
139,0.659362,0.53337187,0.0043514026,0.081381455,0.55944484,0.35793856,0.010645433,0.3087761,0.0073265405,0.034876104,0.18684784,0.036718972
140,0.002496799,0.00088811206,0.0018097648,0.0007520581,0.019726397,0.0013699842,0.00052906,0.0163332,0.0016288876,0.0027923882,0.0009870201,0.0012401957
141,0.05208669,0.034583095,0.5026565,0.1419745,0.33675832,0.14852008,0.058650445,0.31404096,0.16061373,0.10916194,0.33374536,0.13341156
142,0.00518736,0.0012030607,0.0101252915,0.009478278,0.04850475,0.0053542075,0.0024818552,0.030011075,0.0021723486,0.010364874,0.023817034,0.0027808906
143,0.016886692,0.02008894,0.048747778,0.030675832,0.06402812,0.03298516,0.04548473,0.2653929,0.054368764,0.1336185,0.106000446,0.07859427
144,0.010793111,0.009875882,0.020311743,0.011493301,0.052080486,0.013415229,0.009950877,0.124700814,0.023492415,0.037862167,0.018714651,0.02502489
145,0.015301132,0.006469323,0.046276145,0.054387387,0.10136167,0.02350666,0.013989807,0.112278864,0.009617016,0.03875426,0.14266098,0.023262823
146,0.014590913,0.004947272,0.051721446,0.030192807,0.1101154,0.022027016,0.00885355,0.080446735,0.011941745,0.026949534,0.07717039,0.012842505
147,0.05258629,0.03602696,0.48087937,0.13002492,0.32552063,0.14039837,0.05710991,0.3064876,0.15553805,0.105874464,0.30256128,0.13455589
148,0.038356695,0.02434682,0.38927773,0.06729261,0.34855235,0.15482633,0.022901965,0.3083671,0.086381525,0.06572695,0.30660772,0.09752214
149,0.01043669,0.003353302,0.038721506,0.020804252,0.07333207,0.011473031,0.0064516715,0.06626862,0.008762729,0.020495676,0.048124023,0.009905202
150,0.012078454,0.0044495394,0.10904181,0.015554598,0.08401026,0.011346379,0.005249986,0.084220804,0.016192485,0.015512019,0.03903798,0.015675526
151,0.0059677516,0.002919791,0.0043681995,0.003250674,0.03353684,0.0045297816,0.00246577,0.035872515,0.0048739836,0.0099749025,0.004005103,0.0040812767
152,0.024873318,0.014421837,0.1644603,0.05029822,0.102002025,0.027318917,0.023170922,0.19371995,0.040686216,0.060175974,0.1271465,0.07370171
153,0.04094985,0.033949703,0.02412569,0.069349065,0.07376248,0.041588824,0.048509337,0.18103781,0.018259902,0.112686105,0.17282292,0.06326789
154,0.022939133,0.011004174,0.16573119,0.02832334,0.12140727,0.023690984,0.011640677,0.12326166,0.033272248,0.028082414,0.06698683,0.033797476
155,0.009224877,0.0048631947,0.008484943,0.005454854,0.041502837,0.007930281,0.0044531124,0.05433966,0.008802606,0.016040891,0.0077812686,0.0066926163
156,0.04024023,0.024840515,0.30894822,0.073921494,0.20368928,0.06200833,0.03459425,0.2174186,0.08924854,0.06769019,0.16067588,0.08358163
157,0.011635779,0.0063166963,0.0034876675,0.02338714,0.05652621,0.01813748,0.014803527,0.06674323,0.004990475,0.04941408,0.03682608,0.007855113
158,0.019718142,0.010807717,0.063368835,0.063045144,0.085880965,0.020581182,0.023669755,0.12548725,0.018724356,0.05696208,0.10556554,0.039236184
159,0.048227083,0.031823356,0.21833076,0.13477302,0.2203873,0.085965134,0.049634088,0.24895549,0.06991825,0.09846046,0.27859682,0.09786778
160,0.052070543,0.030799005,0.20472626,0.09298714,0.16916333,0.04784174,0.031993113,0.20421837,0.052509002,0.0642862,0.1774016,0.09593556
161,0.030711696,0.018994888,0.2737102,0.1609343,0.14209445,0.04680664,0.055277824,0.27253854,0.046533205,0.12410585,0.41252327,0.13857864
162,0.0071031176,0.0019996872,0.008675711,0.015785383,0.046603937,0.0066459333,0.003951601,0.04037282,0.002433515,0.014565636,0.031827014,0.0047562514
163,0.08349115,0.04539556,0.11854486,0.07982934,0.17335998,0.050988905,0.023133054,0.18794467,0.0350215,0.04759762,0.173978,0.084449515
164,0.012737828,0.007865721,0.0041729286,0.021208279,0.049051657,0.015106596,0.014637676,0.07285008,0.006348113,0.04723486,0.031790253,0.010531143
165,0.03688072,0.024444902,0.19504893,0.08222679,0.12745848,0.05003135,0.046174686,0.24131835,0.061707992,0.11249476,0.20956394,0.115395516
166,0.008947189,0.0024421911,0.027746944,0.013381884,0.07607744,0.010176884,0.004199391,0.045000117,0.0067120097,0.014717906,0.029882442,0.0052497797
167,0.0056659337,0.0019830528,0.0012730907,0.0045983554,0.027736604,0.003918429,0.002280885,0.021668883,0.0012104546,0.00970766,0.006361298,0.0018093737
168,0.020118538,0.0069890404,0.0015050196,0.021283805,0.07033788,0.016972193,0.0055970144,0.03751012,0.00092019746,0.019251699,0.045265336,0.0037127908
169,0.02751641,0.015148966,0.28500175,0.047556233,0.24603172,0.083159566,0.015910251,0.2529414,0.047733065,0.050605133,0.2569898,0.07559415
170,0.0138546545,0.0076558334,0.089669734,0.0721465,0.076214485,0.01963451,0.036938928,0.14987756,0.025492985,0.09252274,0.14426228,0.04153633
171,0.0056556887,0.0016403571,0.0056157294,0.024244655,0.05582882,0.01057925,0.0058103222,0.045129057,0.0019888699,0.023726733,0.062048133,0.0040240223
172,0.00870779,0.0051318756,0.0069124154,0.005219373,0.041846137,0.0072800224,0.0043585603,0.053171445,0.008803711,0.015930668,0.00639802,0.00736033
173,0.01808773,0.016599964,0.004717601,0.025079748,0.05540438,0.026917517,0.029763771,0.119404994,0.011471387,0.084477246,0.05436982,0.023072384
174,0.74108434,0.6646903,0.0065055666,0.08713742,0.661245,0.45537913,0.0118743,0.37399054,0.011213478,0.038964614,0.18634911,0.057703074
175,0.008367624,0.0034203383,0.033460584,0.019259958,0.05108031,0.0075307544,0.0071708807,0.06847659,0.008517458,0.023307228,0.036848746,0.012314722
176,0.00836796,0.004023183,0.0053794547,0.007149444,0.038200922,0.006281682,0.0041441866,0.041585058,0.00502161,0.014616343,0.0084550725,0.0055514015
177,0.009252501,0.0039018348,0.00245372,0.022076096,0.05216068,0.015168007,0.009881945,0.05316608,0.0025378135,0.037019264,0.04391956,0.0047833486
178,0.009916483,0.0034273083,0.049801603,0.023415735,0.06373021,0.010474008,0.0054513346,0.08592573,0.0057091517,0.017411947,0.08458987,0.0151601955
179,0.006936046,0.0020787972,0.006435507,0.005236114,0.03523549,0.004329456,0.0022209361,0.029201444,0.00307661,0.008531801,0.0075513823,0.0031965706
180,0.022828283,0.011210523,0.15464824,0.04143878,0.14389482,0.033477496,0.013969135,0.15163788,0.029977424,0.036991686,0.13027817,0.038766596
181,0.008467794,0.0044721486,0.008371843,0.0026230086,0.02452501,0.0075582424,0.0041116844,0.06983687,0.0067258365,0.025867179,0.015443109,0.012878699
182,0.03875828,0.024670923,0.3264307,0.06516007,0.30503517,0.12312815,0.016237004,0.3039473,0.059853084,0.04692597,0.3238806,0.08545803
183,0.040076517,0.036482356,0.56543696,0.10348029,0.53132546,0.36273566,0.03932888,0.4166328,0.12466135,0.13413756,0.49219626,0.19721146
184,0.014827322,0.005429257,0.06566913,0.031386893,0.09996363,0.017948635,0.0099634705,0.0876598,0.013827429,0.027940443,0.07332057,0.017254934
185,0.008318425,0.0027184747,0.026204951,0.00798501,0.05413039,0.006066558,0.0034327412,0.041965347,0.007577334,0.011554369,0.013581664,0.0058895973
186,0.023028841,0.0092501445,0.16165079,0.020621693,0.17814656,0.049340542,0.011835942,0.12033193,0.041462936,0.04603357,0.06905243,0.030620808
187,0.0052521303,0.0024321307,0.0037362117,0.0016652666,0.029742869,0.003187384,0.0014171184,0.029545221,0.0039373836,0.006619464,0.0023850447,0.0031860722
188,0.01241462,0.00432019,0.017894654,0.025836648,0.071341746,0.013175762,0.007973332,0.059638783,0.0061820266,0.026175339,0.052052647,0.008961965
189,0.0311427,0.030204788,0.20298904,0.10031279,0.109713316,0.043046962,0.060188673,0.3067462,0.061172504,0.11917004,0.2654315,0.15949848
190,0.008108359,0.0026150083,0.02905886,0.0074082967,0.056833208,0.0060894554,0.0037676932,0.038213354,0.009423106,0.012051582,0.011175907,0.0055371732
191,0.047607496,0.07227514,0.6701258,0.15455414,0.6728065,0.59584624,0.06718446,0.59139067,0.19201644,0.21728899,0.6792072,0.35403043
192,0.009331107,0.004720154,0.0047328593,0.0075267637,0.04024927,0.008394485,0.005267087,0.04733733,0.0054960963,0.019096993,0.010447261,0.005647856
193,0.007287235,0.0035479495,0.0046752277,0.0056844032,0.03840262,0.0060376558,0.0037635881,0.038453724,0.0049213637,0.013728123,0.0065991646,0.0046410924
194,0.011536216,0.0038221152,0.04537061,0.011658449,0.07800879,0.01064266,0.005472421,0.05143363,0.013347742,0.016947327,0.021132441,0.0077185407
195,0.0076343124,0.0025185237,0.023477143,0.007740184,0.050667394,0.005546855,0.0032213004,0.04106179,0.0067561,0.011049659,0.013153003,0.005621734
196,0.021456566,0.025509095,0.13734159,0.10103543,0.105474584,0.048809484,0.08896904,0.30647284,0.05871117,0.17421293,0.29076284,0.13505805
197,0.01659314,0.0070767235,0.056961514,0.04827608,0.09654636,0.021018403,0.014467244,0.10950146,0.013509494,0.038093653,0.105825715,0.025239218
198,0.047305074,0.048617564,0.1482826,0.10039838,0.12598647,0.07359282,0.08625577,0.32373947,0.09908897,0.17694585,0.20820518,0.14463657
199,0.028884387,0.017416434,0.29319984,0.13705888,0.14055097,0.043275654,0.05158136,0.25484398,0.05249705,0.11526233,0.35288802,0.12610327
200,0.021245295,0.011051784,0.004807678,0.03174436,0.06431616,0.018727826,0.0140120955,0.0676255,0.005022377,0.038896203,0.040827386,0.011837353
201,0.014932799,0.01455791,0.016059838,0.009035902,0.05162298,0.022064451,0.0142421145,0.17118226,0.02866451,0.060490124,0.03267598,0.04002481
202,0.009359387,0.0036395038,0.05913369,0.014732053,0.054673783,0.013027183,0.009439539,0.09635419,0.013417835,0.042421762,0.07122133,0.02228573
203,0.01905148,0.01404195,0.0098014,0.04025396,0.06336559,0.025154112,0.029268255,0.121745504,0.014570299,0.08003344,0.06331536,0.025056308
204,0.011687308,0.005331591,0.070594534,0.03429855,0.07029597,0.013275792,0.014324516,0.104198836,0.017606558,0.042948846,0.07309291,0.025470551
205,0.014805481,0.007302128,0.11333149,0.07044709,0.09258129,0.020228336,0.021721689,0.15477178,0.018745864,0.054366603,0.17726715,0.044573933
206,0.02323048,0.013174789,0.11149686,0.06057271,0.08658631,0.022283288,0.022059098,0.16906597,0.022653159,0.052905098,0.14629255,0.063294515
207,0.05822155,0.0382678,0.37633106,0.11956548,0.25223628,0.098631755,0.049094457,0.2803352,0.10876236,0.08946375,0.2808208,0.12480474
208,0.008873942,0.0035239807,0.05781801,0.010023531,0.06597328,0.010492843,0.004454286,0.08922715,0.011941756,0.017546978,0.038441982,0.014158636
209,0.018707411,0.011797178,0.17288043,0.049743585,0.10883338,0.031197814,0.03307261,0.19642031,0.057342604,0.08815328,0.1217662,0.06455321
210,0.094166115,0.08876159,0.35377827,0.23619337,0.3940733,0.26354027,0.0960766,0.41406134,0.16595542,0.17950892,0.48192376,0.21272215
211,0.016717695,0.007516078,0.045443587,0.019110715,0.074974425,0.013675051,0.008584885,0.07791628,0.015690463,0.024834566,0.030287538,0.016758416
212,0.04226824,0.029135004,0.3027741,0.090598464,0.17585611,0.08749852,0.04804869,0.36311647,0.072685346,0.12420007,0.38747272,0.17297037
213,0.010757452,0.003546247,0.0984416,0.018613042,0.084528275,0.0128194215,0.0061965305,0.07666451,0.0139105655,0.017897956,0.04997199,0.014737529
214,0.004498781,0.0021973096,0.0042851204,0.0017448007,0.028880501,0.0032101457,0.0015040268,0.031774424,0.0045971815,0.006688753,0.00235126,0.003243709
215,0.037222087,0.024900667,0.116812676,0.15177886,0.22223501,0.10494437,0.04694427,0.25091064,0.036337372,0.107176796,0.3993754,0.075114995
216,0.010371186,0.005809807,0.005550625,0.011609984,0.043789256,0.011870145,0.008293108,0.06670641,0.0071461378,0.028456328,0.018277723,0.008171732
217,0.029638305,0.015832823,0.21052986,0.04334267,0.13958932,0.036474515,0.017420515,0.17859067,0.041696224,0.041092254,0.13238081,0.05654035
218,0.023653505,0.013660484,0.18581283,0.05717684,0.09259244,0.034922343,0.027090646,0.25912005,0.037038885,0.08445101,0.25556824,0.10101806
219,0.031021358,0.01930991,0.38446215,0.112863824,0.22866675,0.0921261,0.046236716,0.36153272,0.065162964,0.1408101,0.4676492,0.18588679
220,0.015991025,0.0062730135,0.1205977,0.026000004,0.09750204,0.015847309,0.0070772055,0.11392914,0.015421251,0.020265944,0.08574772,0.02647333
221,0.34465688,0.22535856,0.011237957,0.072376855,0.22535984,0.07948504,0.014537116,0.17502235,0.011972775,0.032064352,0.10688853,0.057527643
222,0.009125658,0.003075459,0.11088123,0.02285891,0.114662655,0.020930223,0.006335748,0.09541655,0.013119376,0.022117428,0.09101922,0.01607463
223,0.021708973,0.010857442,0.12203665,0.0503748,0.23538767,0.073135346,0.01750622,0.16373533,0.033738077,0.05799882,0.16531864,0.031786565
224,0.015128199,0.012171191,0.017611649,0.013901602,0.047145166,0.020512884,0.017713984,0.15091479,0.021421572,0.06726397,0.04431454,0.031511676
225,0.016182931,0.0077898437,0.0070813014,0.025013808,0.06032268,0.015977457,0.012100437,0.065573215,0.006441669,0.038137358,0.0384218,0.009688518
226,0.030753803,0.016377296,0.16830094,0.056257054,0.12770309,0.032037105,0.02026654,0.17147501,0.035140157,0.045431137,0.13214117,0.05821735
227,0.01374274,0.0044740536,0.023537848,0.025223764,0.08568081,0.01473069,0.0073632323,0.060428996,0.0072401804,0.023078129,0.04917652,0.008965845
228,0.0273173,0.014634162,0.18823467,0.051030304,0.14094464,0.03580775,0.017413137,0.16853055,0.0362063,0.03950607,0.13519049,0.05131422
229,0.009270089,0.004622615,0.0036181393,0.004386487,0.036922805,0.0055908975,0.0029652158,0.040216144,0.004260557,0.011627041,0.0058355383,0.005151093
230,0.009029533,0.0038380926,0.0024426617,0.015917592,0.045847267,0.011677073,0.0075116795,0.04689049,0.0025931625,0.027797736,0.027191719,0.0044062734
231,0.55606425,0.39492905,0.008487554,0.08264401,0.40278158,0.21784747,0.01290868,0.25264055,0.010126247,0.03495117,0.16864054,0.04360216
232,0.0063401144,0.0015894747,0.0015574568,0.013400785,0.041383255,0.0074429456,0.0031360446,0.0271847,0.00067443185,0.0140651865,0.034452304,0.0019728548
233,0.017900864,0.007961901,0.007493099,0.01564566,0.05573449,0.010891996,0.0073998366,0.04674053,0.005847956,0.021867102,0.017222734,0.008336093
234,0.020154009,0.010427978,0.043601494,0.036226355,0.07367435,0.014946264,0.014619916,0.09938409,0.016772904,0.036595333,0.0500243,0.027187144
235,0.55919504,0.43042147,0.009948684,0.097857736,0.4175107,0.24670856,0.015748356,0.29573676,0.012552785,0.04174444,0.21990156,0.05248218
236,0.011443563,0.07436744,0.012160085,0.009433763,0.051929306,0.14104736,0.19934745,0.3220895,0.13694829,0.3469346,0.12638383,0.2288999
237,0.010852614,0.0041597327,0.005130985,0.011015264,0.044903945,0.009461653,0.0052432464,0.047658235,0.003904011,0.01901141,0.019232841,0.005386999
238,0.01152771,0.0060140793,0.0041553895,0.016342703,0.04741394,0.011960861,0.008935463,0.056289,0.004963036,0.029276265,0.020537665,0.0072756438
239,0.6348663,0.55214083,0.011921946,0.108013265,0.4111386,0.23066066,0.019563654,0.3259926,0.021453593,0.045512713,0.18879685,0.080462754
240,0.0044674277,0.0021911717,0.005326121,0.0016981927,0.029591864,0.0032192387,0.0015516055,0.03206482,0.0051669073,0.0070859534,0.00257353,0.0034182454
241,0.008012274,0.00260857,0.015068191,0.023063341,0.06144986,0.010500327,0.0057237544,0.062185287,0.0043370104,0.020080682,0.050000962,0.007249454
242,0.02716264,0.020875592,0.29949445,0.109661564,0.11993412,0.060421698,0.060940817,0.38422385,0.054405257,0.15287466,0.4884356,0.21127644
243,0.010376939,0.004232355,0.0029153714,0.019087456,0.049718976,0.012107707,0.008148156,0.046936434,0.0027789145,0.028069649,0.029470693,0.0050627165
244,0.008269283,0.004342809,0.0053353854,0.0048779123,0.037073262,0.006283027,0.0037241336,0.047720984,0.006304194,0.014332685,0.0069056624,0.0059649637
245,0.009580705,0.0042442223,0.0035199546,0.014300869,0.044498432,0.010878068,0.006905467,0.050397776,0.0035830713,0.025437796,0.022334853,0.005197954
246,0.009828037,0.0044769347,0.0033908435,0.035916425,0.055468578,0.01569514,0.01100394,0.072273925,0.0027721568,0.037910372,0.06622407,0.007530487
247,0.020057365,0.008550198,0.17573692,0.03592164,0.13826492,0.026525179,0.011908927,0.11928275,0.02865042,0.028263742,0.09585194,0.031260837
248,0.004900797,0.0021497367,0.0034850284,0.0015647755,0.0285249,0.0027632404,0.0011804783,0.02711763,0.0033208919,0.005527697,0.0021796238,0.002898794
249,0.032751225,0.017808333,0.32366285,0.09137019,0.24557073,0.081467964,0.026411477,0.24691223,0.061304703,0.06047189,0.29346278,0.077823356
250,0.01727487,0.007451754,0.07142793,0.03147169,0.102866516,0.019808078,0.011227672,0.09587233,0.016482748,0.029439613,0.06943516,0.021084014
251,0.00837604,0.0029002067,0.04731084,0.0071821366,0.06874518,0.008689764,0.003119731,0.06117411,0.010379886,0.01208431,0.02219223,0.008355111
252,0.0062391097,0.0021130512,0.0015113063,0.01535061,0.041492812,0.009093296,0.005365199,0.036228333,0.0012414918,0.021790424,0.03067836,0.002748712
253,0.01564569,0.007594476,0.0076744,0.017775312,0.049717393,0.012056188,0.008609034,0.064527325,0.0064182035,0.027953934,0.02688287,0.010304915
254,0.021075834,0.010819128,0.16551082,0.072628446,0.10266974,0.024842018,0.023102168,0.17918926,0.026102629,0.060219616,0.19817999,0.0681809
255,0.009485538,0.004875982,0.004533191,0.012122202,0.043901313,0.010361544,0.007455547,0.05133451,0.005372046,0.025291895,0.015609241,0.0062930146
256,0.0145782,0.010968004,0.089154534,0.06281242,0.06419197,0.014953174,0.02606957,0.16719285,0.02107822,0.06142456,0.11426432,0.059264537
257,0.002814435,0.0010544785,0.0020247349,0.00085393013,0.02117587,0.0015697955,0.00061722536,0.018012127,0.0018854415,0.0031756007,0.0011250463,0.0014442729
258,0.009243335,0.0051289476,0.011329249,0.004709329,0.04208945,0.0075244065,0.0042547164,0.061971933,0.01033831,0.01782938,0.009061458,0.009810943
259,0.018660724,0.0130841145,0.056458693,0.077732444,0.07943934,0.02389904,0.03490871,0.16844185,0.024372362,0.076179594,0.10566098,0.054344643
260,0.019149063,0.008290967,0.23228337,0.055668335,0.18231435,0.0436414,0.016533501,0.16398165,0.03770523,0.04377668,0.17612,0.04208158
261,0.008282836,0.0035800543,0.0030680106,0.013215196,0.04211311,0.009879454,0.006989685,0.045777347,0.003375977,0.024810322,0.01941919,0.0046420908
262,0.031460993,0.021656035,0.15864766,0.107053384,0.1479351,0.04450284,0.0455624,0.20957321,0.050393667,0.0874967,0.17650779,0.08117254
263,0.0057754773,0.0018020424,0.038858503,0.004628879,0.04230645,0.0042232615,0.0026525585,0.036967233,0.009598934,0.0103161065,0.008360391,0.005387485
264,0.021760937,0.010953629,0.11922939,0.07435942,0.14621611,0.046758506,0.01892201,0.18695675,0.020732114,0.04791346,0.25835943,0.04463767
265,0.011724085,0.004845736,0.06267264,0.017238988,0.062475882,0.009446502,0.0061250017,0.08128236,0.011420659,0.017358137,0.036636937,0.017187692
266,0.0054178783,0.0015197073,0.007618866,0.008842138,0.036962166,0.0044070994,0.0027354015,0.030828426,0.0024142598,0.010330205,0.0149681205,0.0032960828
267,0.024149159,0.01149296,0.054632574,0.02445933,0.075494446,0.013733011,0.00863121,0.09793442,0.016085168,0.022504862,0.036924705,0.029728565
268,0.009933994,0.0034441329,0.06639016,0.017611507,0.068523005,0.009736215,0.0049218005,0.078518845,0.0083709685,0.0151459845,0.05413708,0.014265489
269,0.0063546402,0.00264818,0.002867914,0.0044496404,0.030366918,0.0049076895,0.0025927285,0.03411025,0.0028531242,0.010729711,0.0066689216,0.0032878062
270,0.024660783,0.01154733,0.11279724,0.060078554,0.15229943,0.040541165,0.016332535,0.15450633,0.022042993,0.042705975,0.17582953,0.038244702
271,0.034555987,0.019118804,0.3122872,0.061477777,0.22548392,0.06512535,0.024645075,0.18612207,0.07351836,0.051147807,0.15390185,0.061414145
272,0.007876725,0.004478405,0.005165628,0.0051227883,0.035944786,0.006703803,0.0041308147,0.051051438,0.006728226,0.015745983,0.0071637994,0.0064867516
273,0.051066317,0.025434606,0.062796645,0.08617453,0.1473701,0.0445554,0.02400179,0.14704543,0.020648364,0.05412608,0.16907158,0.051416118
274,0.007316653,0.002953215,0.016285885,0.006427314,0.03848788,0.0047421516,0.0032197116,0.044086877,0.006944627,0.011617302,0.008419798,0.006956067
275,0.064085804,0.04048178,0.04381672,0.11844267,0.14395365,0.054802276,0.034931473,0.19629648,0.020974202,0.07373166,0.22973648,0.07595096
276,0.063524075,0.048155334,0.3106425,0.20011917,0.3479822,0.20288551,0.06617823,0.3624158,0.10361418,0.13643661,0.4861909,0.14822607
277,0.004367824,0.0019342371,0.00396429,0.001682933,0.02792248,0.0027564804,0.0013245852,0.02856881,0.0038910192,0.005965173,0.0022803338,0.0030047686
278,0.0064507485,0.0041931486,0.0046757315,0.0015249592,0.027308092,0.0063782046,0.0026226656,0.054299332,0.00635405,0.016834265,0.0063123605,0.008952738
279,0.0131786205,0.011855668,0.012013003,0.012096528,0.041813057,0.017701915,0.013599524,0.16465238,0.015794743,0.0571946,0.045181535,0.03546411
280,0.0073609846,0.011918863,0.0014650925,0.02751169,0.043593142,0.03281328,0.05549595,0.16586764,0.006822497,0.12672909,0.10044143,0.023922382
281,0.0148828,0.0077238204,0.09839918,0.037998408,0.07374483,0.014610191,0.013065441,0.13978049,0.016221184,0.034346312,0.10638204,0.042841766
282,0.012608067,0.0070691686,0.0046490557,0.02636234,0.056013994,0.019692838,0.014832812,0.078831114,0.0061353496,0.049002513,0.043587767,0.009298796
283,0.013734619,0.0052396515,0.015008269,0.021738602,0.058219768,0.012355496,0.008910399,0.058296006,0.0074210917,0.026928,0.030158142,0.00968248
284,0.0179204,0.009626131,0.005038905,0.028885335,0.061154436,0.017811352,0.014006656,0.06909345,0.0058480087,0.039666202,0.035655633,0.011195669
285,0.017384436,0.015185092,0.022395898,0.020834032,0.05486847,0.023680253,0.022566678,0.16362607,0.027832726,0.08190912,0.057832908,0.03913772
286,0.015212997,0.007571789,0.07827018,0.018990327,0.07484688,0.011801058,0.008032363,0.09266338,0.01798446,0.021107761,0.033311993,0.025140354
287,0.023719946,0.012758623,0.17163458,0.052029356,0.12790555,0.030549731,0.020867681,0.17224057,0.038839824,0.046532612,0.12028309,0.0495508
288,0.0068467725,0.0019960012,0.059537277,0.014690466,0.0695537,0.009938506,0.0041028135,0.0629649,0.006968433,0.014104128,0.05177739,0.009021963
289,0.020236403,0.009591353,0.14125946,0.033512916,0.109152764,0.022363458,0.014262936,0.1432655,0.032321848,0.038972598,0.085695826,0.040917914
290,0.008274912,0.005941998,0.025333349,0.023282785,0.03698079,0.008948128,0.01470572,0.12058583,0.013386537,0.047915548,0.04374461,0.024975175
291,0.008001227,0.0039394223,0.0022004733,0.016735293,0.03804365,0.01037282,0.008257575,0.059384547,0.002620172,0.03129529,0.032269258,0.006321154
292,0.01737604,0.008784351,0.09649307,0.045625992,0.0754579,0.013759348,0.015130287,0.1250681,0.016691808,0.035016734,0.09377628,0.04255556
293,0.025766961,0.015719438,0.15595812,0.0641818,0.10881477,0.030189006,0.025396254,0.19713305,0.03246722,0.057893608,0.16774906,0.0721919
294,0.014713765,0.009213003,0.054397024,0.044418365,0.062499106,0.017825048,0.027376825,0.14130522,0.024260651,0.081968196,0.09656349,0.036714595
295,0.024273625,0.0116331745,0.10435245,0.07558548,0.12135754,0.032967433,0.026528792,0.14798273,0.027217608,0.061740555,0.14389457,0.0459203
296,0.017677024,0.008840266,0.104014136,0.07157083,0.09360839,0.020344904,0.022346865,0.1450319,0.019187141,0.05146159,0.15295225,0.047446363
297,0.011891019,0.0074012135,0.0052003907,0.012317726,0.04802767,0.011737142,0.008928283,0.059311215,0.0073926426,0.029133614,0.014845779,0.008754562
298,0.026534187,0.013575259,0.09372026,0.07634056,0.12122626,0.035672687,0.029122688,0.14882614,0.028645556,0.07092602,0.14274554,0.044671193
299,0.05583833,0.04714628,0.54742175,0.15684497,0.4352547,0.2513346,0.054449942,0.4049335,0.15472423,0.123797886,0.46028432,0.18361233
300,0.014197579,0.005752613,0.07142125,0.034291074,0.08668411,0.015534194,0.009060739,0.10525186,0.010607903,0.024510298,0.09808268,0.023096379
301,0.018774655,0.010275423,0.15217197,0.045250334,0.08540352,0.019409439,0.0176579,0.17221355,0.026220275,0.044435713,0.12636404,0.061916616
302,0.008662713,0.0042830296,0.004253973,0.0067012254,0.035129722,0.0066554537,0.0040077744,0.04829028,0.004283595,0.015802661,0.011208794,0.0056022746
303,0.016177488,0.0067075794,0.13583584,0.027562356,0.08885414,0.0148251355,0.009145765,0.11448104,0.019022675,0.024001691,0.07682241,0.029269049
304,0.0072619077,0.0042121685,0.0075147054,0.0021022663,0.031180173,0.00644612,0.0024871957,0.062052466,0.0067235464,0.01279624,0.007437203,0.007647647
305,0.0042768316,0.0012308711,0.0004303786,0.0075948853,0.03397852,0.006879518,0.002565059,0.02061617,0.00034401438,0.013648437,0.019200426,0.0008366804
306,0.027945977,0.013098334,0.006887426,0.022404809,0.063517526,0.014411572,0.009540406,0.054872427,0.0055323206,0.025177877,0.024181634,0.011639826
307,0.018380463,0.0091231065,0.102832526,0.056955654,0.10528786,0.024225267,0.023509042,0.14020742,0.027868798,0.05848935,0.11331685,0.036069706
308,0.01211477,0.01046916,0.016116532,0.020155737,0.046913818,0.014255817,0.0147756515,0.1328427,0.01888436,0.048672087,0.030224398,0.02653013
309,0.013839809,0.0053313305,0.04322164,0.049452074,0.08549116,0.01985113,0.016401464,0.097728774,0.012502204,0.046289135,0.10173246,0.019571884
310,0.00737925,0.0034536712,0.0073097157,0.0035068963,0.03635535,0.0050450596,0.002790802,0.04291418,0.0066315816,0.011409284,0.0056307563,0.005528258
311,0.009376086,0.0043201465,0.006712372,0.004072814,0.038051374,0.0055783275,0.0029189053,0.04109707,0.0057837195,0.011387721,0.0059380005,0.0056179157
312,0.031099027,0.019949239,0.014680089,0.035466515,0.07502445,0.020463794,0.01602529,0.10025669,0.013579518,0.03842724,0.03545438,0.026713626
313,0.00787043,0.0031769336,0.0024275514,0.015986627,0.042861715,0.010184553,0.006870421,0.044715762,0.0023523443,0.025161192,0.02621265,0.0041810307
314,0.7121295,0.6278351,0.006806712,0.096394524,0.6584412,0.47150713,0.01371986,0.37494314,0.01131799,0.043640576,0.20590273,0.05584217
315,0.015101992,0.008532402,0.010508629,0.007895554,0.053914998,0.014269996,0.006705654,0.07079726,0.009286487,0.02359289,0.017028619,0.008462827
316,0.011004273,0.0035818305,0.034797415,0.012646026,0.071627624,0.009878204,0.005254665,0.04858963,0.01034505,0.016077517,0.02130896,0.0072068092
317,0.015745835,0.007107908,0.0677115,0.03138999,0.08620472,0.015538432,0.009653153,0.106749594,0.015325499,0.025688626,0.062812544,0.02262661
318,0.023287483,0.01092361,0.1362375,0.03630441,0.12851417,0.025630236,0.016092716,0.12241145,0.038093336,0.03788872,0.06972676,0.031258542
319,0.018712629,0.0072363904,0.10112444,0.034285713,0.11314641,0.021067802,0.0114505505,0.09871445,0.020980299,0.03047414,0.077762626,0.022709321
320,0.012982565,0.0050622746,0.058391586,0.019453522,0.07530186,0.011414114,0.0072219693,0.0746609,0.013042495,0.020208953,0.039174885,0.014873231
321,0.015730124,0.0069097937,0.2307434,0.05554007,0.22162984,0.059688333,0.014323951,0.1732456,0.03209848,0.045337256,0.21823187,0.039479103
322,0.010917655,0.004380999,0.050166402,0.007999346,0.03695104,0.012121026,0.008533568,0.09926013,0.013393568,0.049948182,0.058398746,0.026793225
323,0.008767651,0.002518763,0.034969635,0.01765044,0.09385795,0.015576262,0.0057057803,0.056941234,0.008717155,0.020785067,0.047634814,0.006362802
324,0.010685312,0.004754437,0.006135623,0.010960383,0.044535134,0.008166929,0.0060031065,0.042346068,0.0052101933,0.01920625,0.013247314,0.006009688
325,0.010552684,0.004666024,0.13143922,0.043274023,0.083406575,0.014724726,0.019021243,0.11526253,0.026882555,0.051680226,0.090839475,0.027846083
326,0.023230553,0.01048631,0.2059051,0.039359648,0.16764443,0.035290018,0.012839495,0.13957608,0.034030285,0.031588733,0.11306855,0.038449053
327,0.030091653,0.01752602,0.24908583,0.08802238,0.13966636,0.036959205,0.034189466,0.20807655,0.051549315,0.073551126,0.19748946,0.08777401
328,0.0144075835,0.0060174125,0.047173087,0.0356258,0.07092671,0.014499354,0.0103083635,0.0990928,0.010304506,0.030499883,0.08005905,0.021060303
329,0.0066314875,0.0024070207,0.007937352,0.017529411,0.05004766,0.008665035,0.005633886,0.046292417,0.0034066928,0.02124599,0.03440421,0.005048421
330,0.0025419742,0.00090414943,0.0018386284,0.0007632399,0.019933786,0.0013861358,0.0005356488,0.016415961,0.0016487505,0.0028142156,0.001000799,0.0012569908
331,0.016351344,0.007089262,0.06538777,0.036587715,0.083369836,0.016800692,0.010313731,0.11297827,0.011609742,0.028015608,0.09487763,0.02617444
332,0.016011108,0.007094584,0.068186305,0.05389745,0.0918846,0.018832963,0.018922865,0.1119389,0.017358763,0.047490023,0.100647405,0.0279434
333,0.010190843,0.0041424828,0.020286879,0.013001239,0.043467283,0.0057367785,0.004926553,0.053458933,0.006173089,0.015332205,0.019191757,0.010908927
334,0.03527607,0.02122741,0.30309606,0.057392538,0.19687112,0.058657106,0.022118079,0.20117788,0.066248424,0.04674957,0.1574387,0.06556397
335,0.0056267474,0.0018379322,0.0012864107,0.008441491,0.033232268,0.005895784,0.003156766,0.027535677,0.0010636096,0.013666995,0.014693778,0.0020018923
336,0.023016727,0.014358285,0.22876342,0.0515399,0.12445972,0.029862192,0.019407058,0.19625562,0.041292984,0.049550857,0.1420026,0.06729503
337,0.0033599315,0.0013737698,0.0031453753,0.0011601439,0.024700876,0.0020567763,0.0008528892,0.0217871,0.0027422523,0.0041701393,0.001506876,0.001982781
338,0.0047598123,0.0012536055,0.0052252715,0.023781447,0.05522859,0.0103659555,0.005346224,0.041190725,0.0016283613,0.02342589,0.07116945,0.0032843875
339,0.005045304,0.0017385216,0.001656656,0.0019787531,0.02613479,0.0025959269,0.0011805361,0.018270079,0.0015019123,0.005465927,0.0026241303,0.0015774402
340,0.01718303,0.011392806,0.013421048,0.037552103,0.072809316,0.024638753,0.021954805,0.09981362,0.01401259,0.06453492,0.046038553,0.017293116
341,0.00861328,0.0035718428,0.01923169,0.037410956,0.056085296,0.011061457,0.011328854,0.08070761,0.005991855,0.036843244,0.07805756,0.012907545
342,0.016329095,0.0053230003,0.06623106,0.012219264,0.10344614,0.020604523,0.0070707146,0.07266011,0.018376183,0.030694706,0.03801295,0.015231232
343,0.0070927674,0.0024515002,0.0056319977,0.0040880563,0.034886144,0.0039706817,0.0018247213,0.029996091,0.0032167702,0.0072931536,0.00503239,0.0033146574
344,0.031904217,0.044920675,0.27913833,0.09644995,0.14253652,0.12744725,0.1347693,0.49842107,0.10381679,0.27100602,0.5638329,0.32518163
345,0.015822379,0.0061114086,0.081022575,0.03389537,0.11031599,0.019511689,0.0097015975,0.09350823,0.014066742,0.027691714,0.0880179,0.020494837
346,0.013825355,0.009640474,0.0072121914,0.014407191,0.049676616,0.013446201,0.010762862,0.07855593,0.010545308,0.03512326,0.018206472,0.013402347
347,0.017883,0.007800938,0.119451955,0.043394543,0.10129184,0.020203114,0.011239615,0.13081163,0.015964657,0.030066965,0.13396563,0.03496255
348,0.020079063,0.009291963,0.07695056,0.059516344,0.10962353,0.026618084,0.017741019,0.13063742,0.016956266,0.044657886,0.13374087,0.03517011
349,0.040899634,0.02774481,0.42781034,0.08267041,0.36077145,0.17306206,0.027659971,0.35367623,0.08691129,0.08061102,0.39348206,0.13520247
350,0.009825883,0.0044997637,0.0040625483,0.0155817615,0.046526432,0.0118534835,0.008546165,0.05263039,0.0045544575,0.029241005,0.022152986,0.0058767605
351,0.0020168878,0.077972285,0.25614128,0.44429323,0.002446357,0.18777338,0.40769592,0.030854868,0.006663055,0.26569363,0.50508565,0.28330243
352,0.025793938,0.015079198,0.3962393,0.1002429,0.34379283,0.13800284,0.027559496,0.28140283,0.071150176,0.0792967,0.3679443,0.08564981
353,0.006613077,0.0027776025,0.002700874,0.0027123322,0.030568637,0.0036828613,0.0017639953,0.027656995,0.0026859294,0.0075215264,0.0036521708,0.0028982908
354,0.025166357,0.01435778,0.21689427,0.053557426,0.113685556,0.040205352,0.021955887,0.274535,0.03398155,0.06726262,0.2854718,0.10828193
355,0.007825094,0.0032427239,0.0020464084,0.005964636,0.034719344,0.0055912794,0.0033969206,0.02753483,0.0021739719,0.013046294,0.0072349347,0.002749367
356,0.008732938,0.0037916556,0.002659912,0.0086939875,0.038948048,0.00778812,0.0046975696,0.038354654,0.0028748207,0.01773488,0.01219743,0.0037961523
357,0.00931729,0.004516586,0.0037455503,0.009788502,0.03938985,0.008744256,0.0055921124,0.049588002,0.0043344456,0.020730745,0.014477322,0.0056591756
358,0.023825202,0.01233757,0.089628205,0.08384853,0.19950864,0.06779,0.019001173,0.18555185,0.017841827,0.059468947,0.28880852,0.04302058
359,0.033818286,0.022580218,0.26554468,0.086726345,0.13167599,0.057010084,0.055710554,0.3032435,0.06941498,0.14702693,0.30716574,0.15199165
360,0.019805534,0.022297254,0.097913004,0.042543147,0.103111334,0.056292225,0.09198472,0.27093858,0.070826136,0.20704523,0.216883,0.10561293
361,0.0155773945,0.014303337,0.019937275,0.011158131,0.06166485,0.020763673,0.014493653,0.13848522,0.030862438,0.049678296,0.023865974,0.029749142
362,0.021117179,0.009282556,0.16756749,0.03308141,0.12744749,0.025105773,0.010288632,0.13145992,0.029976742,0.027621204,0.08593337,0.03035376
363,0.04167993,0.024916539,0.32098645,0.08859697,0.21208344,0.06882517,0.032989044,0.23431075,0.07556705,0.064968355,0.22159575,0.088450454
364,0.017864184,0.007789355,0.13871565,0.022556782,0.10595642,0.017316015,0.008202933,0.10688718,0.025213538,0.021872034,0.051032178,0.024305606
365,0.033843536,0.024764316,0.5026785,0.08314484,0.4107589,0.21342067,0.032031737,0.35077563,0.10296174,0.101801984,0.39015272,0.14478704
366,0.018018618,0.011310042,0.10283972,0.041224785,0.074135974,0.016788488,0.018063422,0.15721205,0.0257749,0.046997726,0.08030181,0.052863136
367,0.007819857,0.003603697,0.0049990173,0.005199525,0.035181172,0.006352792,0.0034588662,0.044302415,0.005003875,0.013745436,0.008328052,0.004737412
368,0.03647021,0.02114974,0.31508163,0.09878944,0.24472299,0.096341275,0.033895466,0.24231951,0.073480986,0.07355244,0.27030945,0.082590684
369,0.010369472,0.0041554584,0.0062119775,0.0087248925,0.041644663,0.008028223,0.004856341,0.04559742,0.004884321,0.017213883,0.013780859,0.0056363735
370,0.003715651,0.0016662356,0.0036172161,0.0012421139,0.025624622,0.0025012803,0.0011332683,0.026064932,0.003683218,0.0053508817,0.0018248516,0.0024517681
371,0.0041551823,0.0019962538,0.0038767646,0.0011940263,0.025831468,0.0028034386,0.0011686822,0.03010681,0.0038894927,0.0058939094,0.0021551864,0.0030367926
372,0.012340714,0.006877964,0.006969661,0.016752258,0.050783437,0.013995406,0.010172874,0.06695044,0.007944767,0.0336966,0.022348274,0.008958548
373,0.014504118,0.00618659,0.057664532,0.019605935,0.08347355,0.014296072,0.008664232,0.08791773,0.017691346,0.026639108,0.042189475,0.017192002
374,0.0113109965,0.0043027145,0.0041776295,0.015782887,0.053768717,0.00990328,0.005545516,0.04134773,0.0029125675,0.018756766,0.021975601,0.004552763
375,0.011265345,0.005212455,0.070403896,0.008800684,0.07005643,0.012236053,0.005600986,0.08350401,0.019668212,0.02074695,0.024247436,0.016574258
376,0.010171919,0.0036108163,0.09008466,0.038581304,0.11765503,0.027035221,0.008775786,0.116627194,0.010778008,0.030185916,0.15995824,0.019692333
377,0.037744522,0.028769687,0.53736764,0.13864078,0.42965436,0.2378933,0.043992907,0.38822606,0.13076605,0.11294514,0.470827,0.14776082
378,0.03984433,0.037102714,0.580325,0.11254675,0.52689326,0.35518822,0.04188598,0.43947133,0.13004923,0.13603403,0.5250167,0.20634383
379,0.0072167167,0.0021381096,0.032418422,0.0053212205,0.064740784,0.006654543,0.0020814035,0.045340538,0.0075909724,0.008529631,0.014439781,0.0049874755
380,0.0038691247,0.0015572321,0.0041659493,0.0010280919,0.023358159,0.002517301,0.0010175189,0.021050394,0.0030126397,0.005978958,0.0019484923,0.00234012
381,0.030033458,0.01753089,0.32447988,0.0463715,0.19301632,0.075567104,0.022600485,0.28252158,0.06622038,0.07126436,0.23360646,0.098139346
382,0.009373288,0.0040697707,0.0026210994,0.015825097,0.046313256,0.012030401,0.0076924656,0.0485124,0.0028484627,0.028306466,0.02671586,0.0046416763
383,0.020576257,0.008875453,0.21737574,0.045134082,0.20996578,0.06011163,0.014378315,0.15781741,0.04091,0.04357442,0.15165807,0.03498581
384,0.009882888,0.0037896319,0.040321454,0.01220864,0.06151459,0.008027771,0.0060262117,0.0573677,0.013439264,0.017828194,0.018447218,0.009833077
385,0.008257775,0.0032438478,0.002474441,0.004653692,0.035015237,0.0058540474,0.0029839536,0.03002122,0.002354729,0.012526262,0.0075012357,0.0025740098
386,0.044893116,0.04006157,0.5988567,0.13144232,0.47007418,0.3145364,0.05327627,0.47793305,0.15284273,0.14885087,0.55206454,0.23929249
387,0.010883062,0.003402446,0.051118497,0.020701114,0.10159593,0.016462585,0.0069717867,0.06705235,0.012062868,0.024529152,0.05045796,0.009762414
388,0.021535818,0.01035177,0.07843419,0.021275802,0.08596263,0.016488291,0.008208039,0.10815477,0.019447543,0.024497509,0.044534553,0.03006392
389,0.06852287,0.037436463,0.0595733,0.096905306,0.15362297,0.051205564,0.025691396,0.18156455,0.022398544,0.058300156,0.20305267,0.070379265
390,0.009452134,0.008161921,0.01057412,0.003973219,0.048014205,0.010965373,0.0058616777,0.08614913,0.01925486,0.024445932,0.008216001,0.014009613
391,0.00931795,0.0046615815,0.0038787406,0.011446243,0.04288305,0.009832818,0.0068303016,0.048193906,0.004597487,0.023828844,0.015000642,0.0056329165
392,0.012780433,0.0062528956,0.11769758,0.028915495,0.064665325,0.013055151,0.011622319,0.14078744,0.017666992,0.035039954,0.09874746,0.04563493
393,0.010134209,0.0045413584,0.0035787174,0.019912954,0.050234742,0.014049709,0.009885847,0.05618561,0.0038750633,0.03413311,0.03237787,0.0059285564
394,0.017221838,0.008844896,0.11048374,0.029752688,0.072286926,0.019408714,0.011929593,0.17896427,0.017429765,0.038865067,0.14715274,0.05960951
395,0.006068907,0.0017099173,0.01882075,0.006262067,0.042517982,0.004228643,0.002583853,0.030398032,0.004922359,0.008888889,0.010032705,0.0038334029
396,0.017697047,0.01693065,0.013907211,0.027754487,0.06730386,0.026034966,0.024802962,0.13056612,0.025420988,0.069309525,0.0358714,0.028098127
397,0.0049736393,0.0015189876,0.01545816,0.0073847184,0.035785418,0.0038666113,0.002795166,0.035607204,0.00413701,0.009830515,0.012073295,0.0041960827
398,0.007357473,0.0031228142,0.0039550127,0.0029064876,0.033785224,0.0039319843,0.0018839757,0.030821674,0.003629235,0.007876174,0.0037369786,0.0037408276
399,0.03876956,0.02500372,0.38430148,0.06116992,0.29545727,0.13836522,0.028496267,0.2665439,0.096889794,0.086349726,0.22794849,0.09587972
400,0.027351271,0.014985397,0.14298859,0.04629986,0.123134606,0.028570363,0.016775962,0.16657923,0.03007221,0.03975816,0.123658516,0.053417325
401,0.33957198,0.21335727,0.00895962,0.063735835,0.22038528,0.07291876,0.012882604,0.16164242,0.009925078,0.028215934,0.08903312,0.047488812
402,0.013279879,0.005163095,0.17252363,0.015542612,0.06675216,0.025859112,0.013052584,0.1392791,0.025292959,0.073646575,0.115753196,0.042812873
403,0.010181477,0.0047852444,0.003461622,0.014571646,0.043460753,0.010505114,0.0074150558,0.051223196,0.003802776,0.026162274,0.021415561,0.005831183
404,0.62675315,0.5017605,0.005559713,0.07956436,0.51435333,0.3150334,0.011691246,0.2931464,0.009028791,0.036139157,0.18008244,0.04136935
405,0.012154668,0.00613004,0.005534199,0.023683386,0.05434885,0.0163535,0.012908327,0.06921834,0.0063813813,0.041300498,0.035287116,0.008592282
406,0.017647307,0.0087030465,0.11827266,0.042331684,0.08057083,0.016243609,0.013965352,0.14877006,0.022878293,0.038629893,0.09426841,0.042705607
407,0.014786402,0.012915816,0.01687029,0.021933129,0.050460737,0.0190352,0.020229612,0.13946155,0.021518309,0.0687372,0.04618969,0.028753895
408,0.004783108,0.0019602906,0.003668413,0.0013161316,0.028025731,0.0025902414,0.0010392645,0.024665022,0.0031797437,0.005117855,0.0020096707,0.0026591695
409,0.00457591,0.0015359926,0.0018541594,0.0026514828,0.025872484,0.0029145759,0.0013791748,0.02099323,0.001538654,0.0060638445,0.003711937,0.0017101999
410,0.02113547,0.010913796,0.32377696,0.079891495,0.29042813,0.09751605,0.021207565,0.23049648,0.051935125,0.063130766,0.30229846,0.061983187
411,0.016433,0.0069965427,0.10537052,0.01729105,0.09023885,0.013684064,0.0069643394,0.088302,0.019290777,0.018386558,0.038810473,0.021252606
412,0.02481031,0.016801795,0.30135143,0.09124869,0.11769835,0.057643585,0.059255343,0.3648526,0.053849775,0.17534184,0.49181333,0.20013773
413,0.0070273764,0.0036664386,0.0041094394,0.003756948,0.03478374,0.005638873,0.0030461778,0.038610782,0.005225137,0.012296274,0.0046906346,0.0043820534
414,0.013833562,0.010354163,0.006275904,0.0036519314,0.03321583,0.015372766,0.011358667,0.13030444,0.014336814,0.06513434,0.029479122,0.03547442
415,0.027869605,0.015253133,0.107234485,0.08056041,0.15665087,0.04776124,0.024716338,0.19253606,0.02649181,0.054734908,0.20613635,0.053124826
416,0.010132673,0.0041040373,0.0040979474,0.0076262355,0.039496943,0.006602886,0.0039755027,0.034583956,0.003369188,0.014157411,0.009814747,0.004019543
417,0.006089124,0.0020855803,0.0012028638,0.022679692,0.04551297,0.01247672,0.006989414,0.04158561,0.000920739,0.030245489,0.058436263,0.002785071
418,0.6450247,0.54857063,0.006614738,0.084865525,0.4513829,0.26292357,0.013478056,0.29557854,0.011945111,0.034565907,0.16964397,0.0515037
419,0.012554226,0.004802671,0.07384856,0.035605486,0.08668296,0.01586974,0.010192377,0.09937343,0.011152176,0.028177682,0.0961499,0.022287125
420,0.019256603,0.009617728,0.09988022,0.028821576,0.09208074,0.017479485,0.010512645,0.116875984,0.020977769,0.026614347,0.060183547,0.031446844
421,0.029270409,0.013723314,0.19727434,0.054033916,0.1972631,0.05023796,0.016758008,0.16409367,0.03894199,0.051083755,0.15059544,0.051845655
422,0.019685468,0.02382087,0.045403104,0.0518395,0.068572216,0.03806828,0.065095544,0.25711152,0.047215648,0.15481044,0.1464964,0.077938035
423,0.03129455,0.019025875,0.29545227,0.10653282,0.37054348,0.15782128,0.026993666,0.27241018,0.05852066,0.085065134,0.36725003,0.08014875
424,0.004092885,0.0018196634,0.0033353881,0.0014025336,0.026737634,0.0025374612,0.0011095343,0.026428161,0.0033637802,0.005227468,0.0019080363,0.0025670498
425,0.016722085,0.0070718164,0.05483552,0.06825914,0.09849862,0.022472598,0.024808912,0.10988376,0.01855892,0.06263192,0.118678935,0.02538156
426,0.045321986,0.035869192,0.5395469,0.11427722,0.46104434,0.26394072,0.04094023,0.4052579,0.14044067,0.11082258,0.4510699,0.16228272
427,0.03320884,0.019403169,0.2962158,0.11306415,0.15640968,0.047321793,0.038714487,0.25358748,0.054993257,0.08403569,0.30487725,0.11327807
428,0.02374714,0.01453224,0.24548364,0.060192157,0.13826348,0.0307678,0.023695616,0.18456797,0.051805973,0.05497371,0.11899756,0.06518209
429,0.021930471,0.010529141,0.033709306,0.019180784,0.07305271,0.01384529,0.009412301,0.07980783,0.015709879,0.02746578,0.025513537,0.021884069
430,0.019382881,0.009495611,0.18653381,0.023737663,0.15183316,0.03699504,0.006937209,0.17225161,0.024830267,0.024086488,0.13409153,0.03728172
431,0.0029060978,0.0011223541,0.00305538,0.0009853655,0.023061212,0.0017531986,0.0007101805,0.019332489,0.0024377494,0.0035961424,0.0012820654,0.0016670489
432,0.0851702,0.056641556,0.084678434,0.16048692,0.20578851,0.086319566,0.048177525,0.2521106,0.0373894,0.09618752,0.32825434,0.11256492
433,0.04662047,0.051956933,0.6203014,0.13226421,0.60069835,0.4735413,0.051933,0.49698323,0.16322784,0.16881484,0.5791248,0.25520214
434,0.018456705,0.00846095,0.008831054,0.019785825,0.063405834,0.01620605,0.010413261,0.06022952,0.0074379244,0.03202289,0.029304357,0.008883748
435,0.024912342,0.011946579,0.05788898,0.07150957,0.11812729,0.02910914,0.016408626,0.15117551,0.01384018,0.041959926,0.17247261,0.03765444
436,0.040270735,0.025816144,0.4402011,0.14029153,0.19770491,0.069581814,0.062480427,0.29940084,0.108906865,0.12699637,0.3401172,0.1593289
437,0.020091493,0.008974375,0.02261255,0.032699894,0.071657754,0.018194547,0.013507695,0.08004223,0.011585867,0.036061145,0.04267735,0.01707131
438,0.040712047,0.03331281,0.56443614,0.10967972,0.4259893,0.26018026,0.047122307,0.4209072,0.13606922,0.13583139,0.47590598,0.19757253
439,0.018392283,0.011563817,0.010085987,0.022644075,0.061123274,0.016751174,0.014013156,0.07670136,0.011601249,0.038139213,0.024587905,0.015152139
440,0.04943457,0.033046972,0.4212385,0.13034435,0.2413586,0.08555545,0.058583245,0.27202833,0.12835416,0.103675134,0.25417772,0.13101198
441,0.012859521,0.0078444425,0.007281439,0.011055127,0.045016658,0.01070958,0.007258746,0.07224334,0.008318004,0.02541158,0.017127795,0.010880697
442,0.005607255,0.0030428215,0.0062106294,0.0021413402,0.03360166,0.0043491866,0.0021702338,0.039054815,0.0069371695,0.009091071,0.003131388,0.004418911
443,0.01034099,0.003882372,0.015782347,0.024943111,0.06849907,0.013281902,0.008777403,0.058411304,0.0069398438,0.028575517,0.043317664,0.008076896
444,0.006057212,0.002088487,0.0012258966,0.0066077514,0.030562531,0.0050204946,0.0028654197,0.025681688,0.0010965243,0.012263781,0.0105717005,0.0019755804
445,0.017427454,0.0074681896,0.030823637,0.020504538,0.06247945,0.01054714,0.008374939,0.070870504,0.012286213,0.023132531,0.025316011,0.016930128
446,0.016843468,0.008085408,0.17300288,0.034240045,0.09552711,0.019450959,0.013411064,0.15186827,0.029194742,0.036731914,0.09536158,0.041868225
447,0.014783844,0.0073719467,0.09495876,0.107451975,0.10722227,0.0291281,0.025065348,0.18080856,0.013713616,0.06972538,0.32007012,0.04936806
448,0.0068291337,0.0039935717,0.009163321,0.0019036379,0.03104011,0.006229609,0.0021040416,0.062634274,0.006302319,0.010975405,0.0073932516,0.007022318
449,0.018122816,0.007442463,0.008254709,0.05861076,0.079069205,0.027650226,0.018368253,0.08394104,0.004853033,0.053319577,0.1092057,0.013578642
450,0.021357957,0.009575078,0.13751824,0.06527219,0.21952397,0.062260255,0.015602524,0.16546017,0.02404922,0.0486305,0.22309338,0.036739204
451,0.010761045,0.0049340925,0.0041322764,0.008948711,0.040092632,0.0072780377,0.0047244797,0.042733088,0.004065119,0.016561182,0.011131667,0.005781373
452,0.016868114,0.008628476,0.016407019,0.045081727,0.07068147,0.019928295,0.017370911,0.10049457,0.011806381,0.047050085,0.055793528,0.018167965
453,0.013595713,0.0043599885,0.004942474,0.020364868,0.05534892,0.01163153,0.0058474955,0.04430304,0.0022712639,0.019877756,0.039647125,0.0056553506
454,0.04128514,0.024279362,0.24343431,0.0767878,0.19707249,0.065577134,0.02634553,0.21078205,0.05609589,0.05485942,0.19594531,0.073540956
455,0.010851811,0.0040148823,0.061219405,0.017152326,0.06821671,0.0088745,0.0049597616,0.07144689,0.008456304,0.014166006,0.043538712,0.014688905
456,0.024482535,0.011693665,0.20740373,0.03480961,0.20522965,0.054581154,0.012683645,0.18059629,0.040002078,0.03878821,0.1481056,0.045616172
457,0.024162276,0.012720217,0.028033508,0.031792738,0.073840834,0.020213358,0.016085342,0.09714365,0.017974667,0.040466547,0.041800536,0.022526445
458,0.014210805,0.0058644293,0.044363398,0.0349423,0.077174746,0.015587224,0.010369101,0.09693574,0.010080085,0.028272642,0.07944095,0.019684827
459,0.016215038,0.007309484,0.08603914,0.019835927,0.093223035,0.015417355,0.010230422,0.0929757,0.027567951,0.02788168,0.03421718,0.021156734
460,0.02143779,0.011290703,0.17123048,0.07131101,0.103025414,0.024351235,0.02391381,0.18104342,0.027224427,0.05702575,0.19163053,0.07217066
461,0.015567615,0.007871998,0.13992831,0.028363561,0.094154015,0.021499338,0.010487687,0.17423753,0.021011475,0.032836244,0.12853853,0.044561263
462,0.009068637,0.0026140509,0.027540717,0.0111784525,0.06886923,0.008251844,0.0039040444,0.041985225,0.0069780843,0.013489725,0.022275362,0.0054093646
463,0.011561723,0.004415545,0.10520448,0.047914024,0.14382102,0.037598144,0.010312286,0.13955083,0.01281392,0.03567017,0.20950645,0.024376472
464,0.01133708,0.0049762647,0.0879628,0.028169457,0.06088614,0.009349334,0.009650609,0.10030176,0.013081123,0.026455026,0.06398936,0.0283886
465,0.04367441,0.03047769,0.2057705,0.120723255,0.1442976,0.049064115,0.05580379,0.23342171,0.06800271,0.10876367,0.20082912,0.10965856
466,0.012950586,0.0049984385,0.07108275,0.06014157,0.14951082,0.045870606,0.011501631,0.14359803,0.010273683,0.040794905,0.25187135,0.022751467
467,0.010971508,0.0059766294,0.0026851415,0.02577483,0.055672,0.019331098,0.015449499,0.0682708,0.003955332,0.05301136,0.044798173,0.0073640547
468,0.0057198047,0.0016315077,0.018845769,0.0066308747,0.04115444,0.004130644,0.0024696763,0.03222548,0.0046067787,0.0087275775,0.0108987605,0.00397071
469,0.113933966,0.06880415,0.023304319,0.08359231,0.15226929,0.051077075,0.022064256,0.15456891,0.015744563,0.045473684,0.14092737,0.0615098
470,0.013866647,0.0061410367,0.05615291,0.016840633,0.08064067,0.012264024,0.008671029,0.07601802,0.020737022,0.024143597,0.026592743,0.014680323
471,0.015181818,0.00859724,0.07243213,0.01754402,0.060021892,0.020793263,0.015248535,0.17228673,0.027648842,0.060472056,0.08291284,0.04547982
472,0.0127008,0.010903741,0.019602435,0.010399276,0.050144717,0.015708877,0.01170414,0.1393386,0.025601707,0.048659295,0.028172681,0.029270818
473,0.0198788,0.010510806,0.06748072,0.111301795,0.095261335,0.02888902,0.030857816,0.17397659,0.016065234,0.076907486,0.240288,0.050443113
474,0.006637993,0.0030231276,0.0032193826,0.005564909,0.032908723,0.005696328,0.0034717924,0.036023024,0.0035176321,0.013513034,0.0073907743,0.003804751
475,0.012414662,0.003843504,0.02715801,0.03318286,0.09639307,0.020328559,0.008779134,0.06886231,0.007440864,0.028739313,0.081859306,0.009250865
476,0.0026095926,0.0009617955,0.0020174042,0.0007899435,0.020575482,0.0014769862,0.0005720644,0.017213551,0.0018323846,0.0029759973,0.0010361898,0.0013407527
477,0.024732757,0.013708702,0.12619276,0.0721675,0.1020409,0.025919324,0.02119992,0.18125182,0.021256354,0.05097062,0.19798824,0.06763022
478,0.009564954,0.004338203,0.0028895962,0.009781326,0.03926321,0.008352922,0.0053673037,0.042516593,0.0031776044,0.020074204,0.014369262,0.0044538165
479,0.029460737,0.015898138,0.29216614,0.05998838,0.23023286,0.07279217,0.017854182,0.23388293,0.048390873,0.04825292,0.24407375,0.070878714
480,0.048187997,0.022291038,0.008815928,0.04204923,0.09656337,0.03433965,0.01563812,0.09042645,0.006913542,0.041667715,0.064833365,0.017376496
481,0.02047986,0.009834002,0.12467228,0.028329616,0.102276616,0.019987352,0.00955494,0.13245188,0.02260826,0.026012076,0.07515005,0.035399593
482,0.04311309,0.024087787,0.2210663,0.080961615,0.18837772,0.05604795,0.023755593,0.21030578,0.046030995,0.051959436,0.2099031,0.07689343
483,0.04803391,0.041194897,0.23091637,0.11102778,0.1347488,0.07845279,0.072362654,0.37051442,0.079562366,0.15889241,0.35995442,0.20355624
484,0.014903653,0.005745426,0.15952271,0.03319847,0.111666605,0.019911893,0.010045467,0.112687126,0.020608429,0.025155999,0.09749701,0.028125063
485,0.019995797,0.010095347,0.16162921,0.03512391,0.0901922,0.026932066,0.014946264,0.21258426,0.024454458,0.048113167,0.19276023,0.072212726
486,0.019540742,0.008674268,0.091618344,0.027599132,0.08043323,0.014350447,0.009762169,0.10675612,0.018074654,0.024922987,0.056565728,0.030323418
487,0.01725964,0.0073257214,0.054687582,0.08821619,0.17343928,0.063335024,0.021024363,0.14998716,0.013914529,0.0721129,0.27249056,0.026651183
488,0.0046962835,0.0013974853,0.0005006894,0.007850528,0.034814965,0.006909087,0.0027471764,0.02167807,0.0004114537,0.014077863,0.018635135,0.0009704965
489,0.017700788,0.018975196,0.021834128,0.018576507,0.052454833,0.029568687,0.02731438,0.23867255,0.03321934,0.100110196,0.077944696,0.06144664
490,0.021989865,0.013925951,0.008729732,0.029456742,0.064165145,0.018526355,0.015295312,0.081642464,0.009736343,0.03993908,0.029887011,0.017073639
491,0.023231104,0.013978537,0.10588758,0.10351364,0.103628,0.027120808,0.033492867,0.1752824,0.024001868,0.07524697,0.19432065,0.07018091
492,0.02151835,0.015970591,0.0138508305,0.06772806,0.06908365,0.03245657,0.04071064,0.15093951,0.015258843,0.10834888,0.1205551,0.031067356
493,0.0076823574,0.0033713547,0.003033722,0.009610591,0.038405456,0.008788097,0.00501838,0.046409387,0.003291701,0.019586729,0.015291024,0.004429196
494,0.02292871,0.017845904,0.07600903,0.052384242,0.073818654,0.035144523,0.047188316,0.23047131,0.039150383,0.13565245,0.18587478,0.083075725
495,0.03478771,0.020974647,0.12363003,0.13080338,0.19480582,0.07396273,0.038207605,0.23067011,0.03380161,0.08456011,0.3294929,0.07067654
496,0.0345662,0.023541285,0.27590656,0.10754077,0.18293864,0.08055686,0.07143897,0.32621706,0.084240675,0.18823253,0.34025323,0.15460086
497,0.009634021,0.004312593,0.003360955,0.01748717,0.046845436,0.012146357,0.008857103,0.051346056,0.0036873906,0.0302628,0.025938936,0.0055209384
498,0.029632553,0.018460201,0.4167705,0.106051624,0.24957259,0.10093852,0.042601395,0.36463624,0.06949665,0.13368784,0.4654928,0.18254767
499,0.02252467,0.014919653,0.008110611,0.040574465,0.068880245,0.024479387,0.021759765,0.097413875,0.010580857,0.056591384,0.048143417,0.019698093
500,0.023759631,0.012140466,0.26855668,0.04843342,0.13516498,0.03365595,0.020319132,0.1737632,0.046572052,0.04765499,0.1444244,0.06005491
501,0.0066878535,0.0026016976,0.0032141444,0.0041840915,0.031342614,0.004616798,0.002442571,0.031190138,0.0028573598,0.009827684,0.0060660234,0.0031075545
502,0.046108853,0.03395579,0.23924445,0.12484715,0.15744044,0.05688549,0.05328736,0.2792075,0.06982692,0.10465039,0.2545549,0.14342402
503,0.05963322,0.042807627,0.4187623,0.11006271,0.28732625,0.13123782,0.046202473,0.29903412,0.12834604,0.087059356,0.2883263,0.12107647
504,0.018387867,0.012727555,0.1761304,0.054839954,0.07619708,0.026700428,0.02963957,0.26551408,0.032958366,0.08351111,0.23448324,0.11491637
505,0.0063914694,0.001826149,0.0017480354,0.01783268,0.0452471,0.009545946,0.004864646,0.034117084,0.000992554,0.021047091,0.04274103,0.002527125
506,0.025055068,0.012065949,0.26424673,0.04574046,0.1570364,0.03645757,0.015502134,0.1572406,0.04199328,0.035380423,0.13209869,0.04959255
507,0.011650199,0.0049136803,0.089474745,0.03642229,0.0732938,0.011764353,0.0134574715,0.0994198,0.017425796,0.035365745,0.068666644,0.0251779
508,0.009992784,0.004128093,0.06782233,0.024669202,0.07006279,0.010286102,0.009778218,0.08136729,0.015459829,0.027374526,0.04342848,0.017128132
509,0.01139056,0.0047551435,0.0056135356,0.025236085,0.05268424,0.011354651,0.0077743726,0.06056472,0.00367896,0.024973009,0.036367707,0.007605931
510,0.015612854,0.0076533854,0.0038092828,0.020873196,0.056098063,0.013617939,0.009807307,0.0539493,0.004269256,0.029440911,0.024509821,0.007894352
511,0.042714983,0.031346582,0.040816985,0.040451135,0.09174856,0.035607047,0.023020329,0.1608953,0.024769735,0.056975633,0.077533714,0.055462323
512,0.01888831,0.008313529,0.20064834,0.06260477,0.14544392,0.0340082,0.018018154,0.1605962,0.031381052,0.042870253,0.17330301,0.043129463
513,0.012886376,0.0054634833,0.08473247,0.023693038,0.07586709,0.021484217,0.015173814,0.12690653,0.020776203,0.06344317,0.109749794,0.033099208
514,0.011733973,0.0068473695,0.0066483705,0.012225736,0.047639996,0.013199648,0.009214488,0.0681507,0.008500474,0.030004224,0.017628089,0.00922326
515,0.024760094,0.013139814,0.07583744,0.0501304,0.106809564,0.025614468,0.017298035,0.12853664,0.020936377,0.041607834,0.09871038,0.037685562
516,0.009303085,0.0029853769,0.03070203,0.02714811,0.06900977,0.012613537,0.006124447,0.074509546,0.0046501746,0.020406242,0.085384876,0.011551075
517,0.04201579,0.027085427,0.44236746,0.15162852,0.27838665,0.110396795,0.058554254,0.33433005,0.10688572,0.13650274,0.39927432,0.16653894
518,0.017125418,0.008664756,0.09866832,0.050745845,0.08629097,0.017329613,0.01978098,0.12692828,0.02452911,0.0481789,0.088297546,0.037102036
519,0.009856081,0.0039772745,0.0346871,0.012332086,0.061315242,0.008117853,0.005733366,0.058042735,0.011586845,0.017677356,0.0202392,0.009618301
520,0.014636025,0.007137542,0.073108636,0.050322145,0.08453181,0.016867941,0.020442031,0.112135366,0.021224547,0.051358655,0.08555547,0.028857995
521,0.0075911563,0.002160148,0.020001259,0.009906311,0.052013133,0.0061003976,0.003524108,0.037285555,0.005612907,0.011532807,0.01619816,0.004741859
522,0.021889066,0.011207637,0.13827881,0.09261856,0.27862814,0.10462813,0.020170499,0.21272548,0.025377344,0.07045852,0.3434186,0.046580236
523,0.0065360162,0.0020134584,0.010453025,0.016025778,0.05106294,0.008136827,0.004636698,0.045346767,0.0033613734,0.01733623,0.03515898,0.0046869894
524,0.0057199216,0.0016302741,0.0019242311,0.008575725,0.03428872,0.005107636,0.0028717387,0.025100673,0.0012279962,0.011624646,0.013518331,0.0020170405
525,0.030917443,0.018361803,0.3137075,0.058458686,0.26339844,0.09845582,0.020649165,0.27553603,0.059090436,0.06166154,0.28452048,0.08941505
526,0.06594966,0.07546934,0.62095076,0.16439903,0.5430565,0.45826337,0.06835808,0.5664246,0.20496373,0.17769653,0.64783746,0.30005187
527,0.025774661,0.014955238,0.13907883,0.14869036,0.2926866,0.14520857,0.036468808,0.26469314,0.03283991,0.11397211,0.46673906,0.0645553
528,0.033472408,0.017805798,0.33269125,0.06894597,0.24814056,0.075316,0.023974216,0.20161732,0.07099044,0.0531563,0.18949555,0.06673514
529,0.011812264,0.0039348747,0.025462799,0.015058867,0.073896386,0.0107625425,0.0056994483,0.05031223,0.00854196,0.018235927,0.027101828,0.00724522
530,0.008031771,0.0033098655,0.07391347,0.015266612,0.068463005,0.011574292,0.0066842497,0.10035402,0.015038667,0.027527595,0.051131,0.017113294
531,0.016791882,0.022629565,0.05958773,0.01930168,0.01963211,0.04240221,0.033914763,0.05223708,0.012097468,0.09759193,0.06715233,0.028245786
532,0.036661457,0.025498666,0.3345487,0.19257042,0.24827072,0.10248084,0.06305483,0.335314,0.074252196,0.14362484,0.47300017,0.1526809
533,0.01567176,0.005778572,0.04447954,0.03956219,0.094949275,0.020152403,0.01153222,0.09361841,0.011478196,0.03364401,0.092020646,0.016800985
534,0.0060992474,0.0031881144,0.03007187,0.007302909,0.036977623,0.0052256403,0.0038824677,0.07627775,0.008890318,0.015315039,0.0144075155,0.012706374
535,0.0461234,0.037518848,0.56900734,0.11588424,0.44350138,0.2710927,0.042955443,0.43891034,0.13800779,0.11982756,0.48503828,0.20238459
536,0.009915036,0.0037789964,0.042396452,0.012587438,0.064691216,0.00864755,0.0061981454,0.058377273,0.013830264,0.018091714,0.019607544,0.009596582
537,0.013483814,0.005764374,0.017241186,0.04236614,0.063332744,0.014716607,0.010822726,0.0912326,0.0050839717,0.030702008,0.08936357,0.01757759
538,0.05500871,0.081112586,0.669183,0.14758919,0.6516192,0.61470413,0.06706573,0.57819843,0.19471818,0.21635683,0.66131335,0.32774484
539,0.010813158,0.0056224004,0.015120521,0.011341443,0.04683082,0.008099053,0.0059813024,0.06689508,0.009730382,0.020472122,0.016608,0.01177042
540,0.018165076,0.011260414,0.22283089,0.06631983,0.11106633,0.046701025,0.051236767,0.28190744,0.05520339,0.16918972,0.31987923,0.10561771
541,0.023370683,0.011610252,0.18486334,0.03324433,0.154019,0.043265775,0.012294062,0.20470041,0.02987273,0.04058372,0.1824218,0.059003316
542,0.015829679,0.0068250764,0.09797146,0.029123347,0.09776771,0.028381381,0.017944979,0.13487336,0.025165087,0.071445875,0.119740754,0.03662758
543,0.007114972,0.0026183235,0.0032245081,0.0027790663,0.031999163,0.0034863765,0.0015872107,0.025604306,0.002551239,0.006754369,0.00376548,0.002806186
544,0.012805068,0.007444802,0.006341394,0.03773496,0.058883537,0.018980328,0.016473427,0.092899546,0.006996722,0.047584165,0.047206916,0.0134406295
545,0.020406095,0.00937641,0.2521239,0.048708457,0.14604808,0.051913414,0.029723601,0.213226,0.053337805,0.1132082,0.21956871,0.07351325
546,0.015301548,0.008512076,0.010215445,0.012565446,0.051011607,0.011613431,0.0074581336,0.07200179,0.009055876,0.026650775,0.01746426,0.011949501
547,0.018228492,0.008321317,0.11401459,0.028100198,0.085494556,0.01568134,0.009473029,0.12235182,0.018867344,0.025717428,0.074832864,0.03361515
548,0.011536477,0.0036511857,0.04000832,0.0125988815,0.07744122,0.010268224,0.0051878844,0.049778994,0.011183935,0.016298372,0.023335861,0.007364849
549,0.04855014,0.085166916,0.6828645,0.16255027,0.70223904,0.6485422,0.073438376,0.6251977,0.20693411,0.23756179,0.7077689,0.39321518
550,0.02857374,0.015711796,0.19173795,0.054929405,0.17116402,0.044909038,0.024097763,0.15757594,0.049833205,0.050061405,0.12064632,0.04640869
551,0.009440864,0.0033174688,0.011296858,0.011742481,0.04409658,0.0071598496,0.0051138555,0.041180763,0.0051893285,0.016527845,0.015064412,0.006000964
552,0.015240618,0.030529039,0.017033976,0.05475366,0.07434306,0.06963923,0.1255767,0.32524654,0.053005416,0.2556041,0.19921555,0.08532939
553,0.020729698,0.011382311,0.1437239,0.04129386,0.090203404,0.025014726,0.016466368,0.21040185,0.024062505,0.047381397,0.18116689,0.07505889
554,0.008965499,0.0026275583,0.009701382,0.02369342,0.06630669,0.011704278,0.006225067,0.04786011,0.0032762617,0.022746088,0.05386105,0.0053231185
555,0.008841524,0.0038537504,0.002977646,0.012155601,0.04152274,0.0093949335,0.00640414,0.043280356,0.003234344,0.023066273,0.017031869,0.0044868533
556,0.04029019,0.0229693,0.22922848,0.06278201,0.19773118,0.07023141,0.022256682,0.26379046,0.04709937,0.06096222,0.26079413,0.09757123
557,0.015707888,0.0068690977,0.06291463,0.025103396,0.08238449,0.0156078935,0.010715461,0.0887771,0.016153032,0.029223448,0.050576024,0.020110771
558,0.008445891,0.0042068656,0.004617747,0.010436184,0.040826935,0.008752753,0.006137478,0.04755783,0.0050585987,0.02155587,0.012994032,0.005877437
559,0.01277099,0.0110733565,0.025184957,0.012494841,0.058719233,0.014458931,0.009925087,0.111858346,0.02355567,0.037441824,0.019191327,0.02316082
560,0.023156177,0.011096648,0.19096413,0.04275629,0.15740615,0.034242045,0.01018751,0.16711426,0.027740158,0.025120288,0.14579226,0.038601995
561,0.015113734,0.0060734735,0.13194105,0.022371866,0.10613834,0.015807986,0.007606615,0.10006514,0.022031575,0.019645331,0.05275087,0.021307021
562,0.6617133,0.5768812,0.0073121795,0.09696703,0.4722711,0.2924492,0.015217149,0.3317365,0.013752296,0.040325973,0.19745946,0.055566065
563,0.007487488,0.0035500824,0.0054588425,0.0024382898,0.03550001,0.0046062698,0.0020434503,0.038976233,0.005324386,0.009147761,0.0041814754,0.005175461
564,0.015316154,0.006675147,0.075167015,0.02583969,0.07549092,0.013299826,0.00885068,0.098813236,0.01574554,0.025953196,0.057163768,0.022288512
565,0.74585944,0.66203123,0.0053853975,0.079812914,0.6353392,0.41566378,0.010031123,0.35668397,0.009860707,0.033351127,0.17454071,0.0522527
566,0.023106715,0.01135523,0.055986125,0.072561964,0.12041311,0.034267277,0.02184923,0.13829978,0.015396827,0.055137485,0.17373726,0.034361023
567,0.018088598,0.012108265,0.014016774,0.021773234,0.06646272,0.0189431,0.01581848,0.081599556,0.015860686,0.047521837,0.02384522,0.015290839
568,0.62501514,0.538667,0.007825261,0.09904601,0.42871413,0.25097206,0.016802417,0.31248677,0.014514304,0.040886275,0.1856914,0.060573444
569,0.009047677,0.0023614438,0.010713419,0.009352943,0.05008335,0.0056064064,0.0026456371,0.0313532,0.0029380051,0.009196874,0.015730752,0.0039959885
570,0.023317413,0.011400247,0.16836324,0.07613023,0.20605882,0.06123119,0.019473325,0.18554921,0.029105764,0.05077556,0.24714883,0.046036866
571,0.009241129,0.0033039749,0.002236464,0.025032403,0.049715508,0.012640127,0.007543089,0.046821203,0.0015375263,0.028364547,0.052423,0.004589592
572,0.008764519,0.0040186895,0.0032073609,0.009781871,0.039911006,0.008302376,0.005545576,0.041206926,0.003551964,0.01998273,0.012669023,0.0045248093
573,0.01897816,0.009775144,0.06293754,0.02348973,0.08692054,0.018681753,0.011628708,0.105945125,0.023690768,0.03439801,0.043986656,0.0242769
574,0.004009893,0.0013446247,0.0022529564,0.0019228625,0.02334878,0.0026524968,0.0012283045,0.021212317,0.0018679864,0.0057548555,0.003112084,0.0016539972
575,0.026568696,0.012922626,0.20126434,0.04390419,0.28597552,0.09032377,0.015052885,0.15599205,0.04566626,0.054133575,0.14573392,0.03697546
576,0.0134105785,0.005903072,0.067949645,0.023663078,0.08031558,0.012821679,0.009158478,0.09421208,0.018219236,0.02637413,0.04436928,0.01883084
577,0.011193347,0.0048676324,0.043368995,0.012221809,0.055392157,0.008344241,0.0055543925,0.07268617,0.012547626,0.018086256,0.021379346,0.014393703
578,0.5435495,0.4996036,0.019316575,0.1441302,0.47531563,0.3337203,0.030383868,0.37441465,0.033057686,0.07551394,0.3029427,0.1089719
579,0.007393175,0.0025296924,0.0025241997,0.017070558,0.043056708,0.009309261,0.0058039986,0.039329413,0.0017791705,0.02173372,0.029584847,0.0035731024
580,0.01161122,0.0045009516,0.018747216,0.026417753,0.07219644,0.013891754,0.009583547,0.062014874,0.008232426,0.029720038,0.045114305,0.009152621
581,0.007347656,0.0022361204,0.0015914198,0.008701795,0.040347017,0.0063724136,0.003243616,0.024849372,0.0011380467,0.013231709,0.014918104,0.0019410823
582,0.010960922,0.005396801,0.09821048,0.020905342,0.05596939,0.0105310185,0.009180347,0.1268843,0.015270683,0.029159848,0.07116537,0.038544178
583,0.017962314,0.013418365,0.079366915,0.03966458,0.076743565,0.021971624,0.024287503,0.17952517,0.034119684,0.06618038,0.07118064,0.059714045
584,0.011916229,0.007069048,0.076227345,0.0291013,0.07680761,0.0136380475,0.013348118,0.108924195,0.02350521,0.037202545,0.04308267,0.02510786
585,0.09181583,0.04949808,0.0064810934,0.03647164,0.118567914,0.03161922,0.011681961,0.07803093,0.0061019883,0.02628374,0.042377308,0.020825643
586,0.009592209,0.004045045,0.0046112486,0.006351844,0.038571693,0.0063833497,0.003661323,0.03497753,0.0040104706,0.013524156,0.008178285,0.0040708818
587,0.0100052785,0.0032707213,0.0036359779,0.006619076,0.038377,0.0056242,0.0030077898,0.02702472,0.002500393,0.011075863,0.008676597,0.0030126798
588,0.008524596,0.00459244,0.004333925,0.0046019666,0.036039885,0.0065774876,0.0037752197,0.044271052,0.0055877864,0.014521671,0.0062498273,0.0052600093
589,0.007611238,0.0024828825,0.011757369,0.02490853,0.059489325,0.011167663,0.0065717255,0.055463873,0.0036217216,0.023845736,0.0584011,0.0065862294
590,0.0058163633,0.001976773,0.00095966825,0.008882023,0.032832287,0.005858414,0.003443838,0.027151046,0.00084152335,0.015371792,0.016703647,0.0019124992
591,0.005122961,0.0031788007,0.029577944,0.002579136,0.020185625,0.0071213953,0.002757284,0.041914865,0.005015893,0.02092006,0.013741332,0.0072526326
592,0.020953551,0.008342276,0.098059855,0.044272173,0.12147944,0.02584031,0.015818955,0.113494925,0.025909923,0.040928442,0.09192042,0.025132444
593,0.022991862,0.00934777,0.032469835,0.048078097,0.09757671,0.024671612,0.016372103,0.0909933,0.012710327,0.04413177,0.0801947,0.02079988
594,0.019497609,0.010623532,0.1405723,0.045198325,0.092538595,0.019460754,0.01825864,0.15459092,0.028245263,0.042806778,0.10209926,0.05243157
595,0.008843839,0.0032798264,0.026516797,0.020680774,0.053260926,0.008769123,0.006575478,0.06413856,0.0059588626,0.01975299,0.04083193,0.011926794
596,0.027273327,0.013584757,0.1379824,0.03577492,0.12182819,0.028639726,0.012680964,0.1532508,0.027052587,0.034004122,0.109121,0.044971347
597,0.012184154,0.007417682,0.003644738,0.022528514,0.05674416,0.018716048,0.015737303,0.0722416,0.005913084,0.05180069,0.034307547,0.009128975
598,0.031667452,0.018908316,0.37317663,0.09661096,0.23720653,0.092234716,0.040016115,0.3337024,0.06723105,0.12430786,0.40183783,0.16366084
599,0.020983094,0.013154501,0.05960491,0.04823628,0.10112451,0.028262176,0.034855254,0.14248426,0.031244578,0.08034473,0.0958685,0.03834625
600,0.02162943,0.012569658,0.0394576,0.02961659,0.06534256,0.015472331,0.012816254,0.11343948,0.015207091,0.03731988,0.05149172,0.03366922
601,0.030848883,0.017054683,0.25240844,0.106513396,0.1603212,0.044523943,0.037169047,0.21683581,0.04892653,0.07926103,0.25701264,0.090709746
602,0.0070363237,0.004401007,0.0048543047,0.0042655887,0.038376927,0.0065605096,0.003775896,0.052316904,0.007390222,0.015100879,0.0059605516,0.0068347375
603,0.022423673,0.011316885,0.13911189,0.032143418,0.14773516,0.038552906,0.013455863,0.16048275,0.03037007,0.03754932,0.12039855,0.03851179
604,0.030569874,0.01574226,0.24493001,0.07514273,0.18511298,0.049956612,0.023774926,0.18483809,0.045950014,0.051575504,0.19627227,0.06250746
605,0.008665849,0.0035804335,0.0021892919,0.016885268,0.046181597,0.011594569,0.0075735236,0.045354284,0.0022455724,0.028139036,0.029784102,0.004155893
606,0.01433664,0.0073519554,0.07012117,0.033377353,0.068920776,0.012201429,0.011739079,0.11163743,0.014168649,0.027992928,0.06315076,0.030642025
607,0.010300793,0.0052211806,0.005204221,0.008915874,0.041308142,0.008539267,0.0052066725,0.04949161,0.0054133246,0.018766241,0.011508187,0.0060176807
608,0.019688407,0.011207088,0.16743606,0.05674425,0.10725216,0.027892888,0.024150029,0.19384567,0.035065427,0.056556795,0.15022662,0.060582165
609,0.013098493,0.0062482934,0.039127216,0.03174366,0.061976958,0.011058442,0.01178831,0.08783146,0.011595804,0.031104116,0.04992169,0.020557905
610,0.012800855,0.0072932118,0.08970978,0.02937439,0.058481194,0.011153955,0.012997775,0.12913646,0.018323204,0.034659825,0.062518604,0.03965409
611,0.008032633,0.0030063232,0.0032668144,0.014463069,0.0401117,0.008424394,0.005736243,0.042394616,0.002566481,0.020636268,0.022004956,0.0043617547
612,0.02428318,0.014255214,0.049463816,0.06803306,0.09895014,0.025923012,0.01814106,0.15801013,0.013104215,0.046376795,0.16618717,0.04514449
613,0.010696992,0.0065004006,0.041852094,0.019636746,0.0495668,0.011036687,0.012235914,0.116869025,0.01886777,0.03968063,0.03700617,0.025477014
614,0.016284013,0.007935748,0.07614618,0.029738912,0.087328926,0.02669927,0.019642526,0.14380437,0.025477417,0.07084536,0.114545494,0.035406023
615,0.013421112,0.008881092,0.021715635,0.004145222,0.021751488,0.015886616,0.01020941,0.06772883,0.010600973,0.06849137,0.030075964,0.020368926
616,0.01899325,0.010495305,0.105276726,0.05716363,0.09431659,0.020082047,0.026395326,0.13095114,0.034181915,0.060196765,0.07947909,0.041416585
617,0.012382881,0.0053791665,0.040036306,0.037596304,0.06276344,0.011608632,0.012947971,0.087891996,0.011423529,0.036700774,0.064752825,0.019091131
618,0.010250082,0.004663717,0.0031595882,0.022451177,0.050320685,0.014024975,0.010701277,0.056336418,0.0034311903,0.035941467,0.036106788,0.006124412
619,0.009113189,0.0038561309,0.002311181,0.018321201,0.047664773,0.012150272,0.008165747,0.047520813,0.0023841485,0.029721498,0.03137921,0.004528286
620,0.00924357,0.003921052,0.002944558,0.02115778,0.049929757,0.01354075,0.009637497,0.052260134,0.0029992913,0.03372343,0.036390264,0.0052421726
621,0.0079797385,0.0040687965,0.004574824,0.0079495795,0.039426643,0.007571746,0.005163433,0.042548176,0.005241668,0.0183185,0.009318285,0.005295745
622,0.032758415,0.0177706,0.23814976,0.09946869,0.26320797,0.097097084,0.027143773,0.23109119,0.04902197,0.06684411,0.3017801,0.06650637
623,0.03841373,0.02230629,0.1556901,0.088551566,0.17100273,0.0573803,0.025223807,0.20751707,0.035332993,0.056949235,0.22808143,0.067407094
624,0.014793628,0.0059609786,0.082085155,0.035377022,0.12542248,0.02415797,0.008551367,0.11001143,0.011841376,0.027065298,0.12015686,0.022071326
625,0.52978534,0.5285464,0.03162365,0.14141478,0.63725674,0.5157238,0.02527424,0.4457539,0.038387362,0.07965005,0.3599027,0.14170113
626,0.0069466033,0.0020038616,0.034196574,0.009624608,0.052046437,0.0058858152,0.0037907986,0.042666554,0.0071850615,0.012002306,0.018147297,0.0060677803
627,0.016308123,0.0055915606,0.02591691,0.04253803,0.10758929,0.0243517,0.012293639,0.07691993,0.00906356,0.03880587,0.09176388,0.011716083
628,0.13341662,0.0895596,0.080019586,0.1326624,0.23516048,0.10975,0.038362466,0.24163945,0.041241378,0.08079343,0.28155807,0.107478745
629,0.017051263,0.0084727835,0.09576132,0.051586505,0.090112604,0.019290831,0.021518726,0.13223106,0.02724602,0.05375269,0.097047016,0.033899274
630,0.01661011,0.016883947,0.016496552,0.015659252,0.055947553,0.025548713,0.020313134,0.20024195,0.026232958,0.07379125,0.05223579,0.04887375
631,0.021825079,0.014597221,0.008806954,0.016204407,0.06232397,0.018577306,0.011806482,0.08191069,0.0113324635,0.033793688,0.021017449,0.014327835
632,0.0077242986,0.0030802346,0.0033020189,0.005202755,0.033838548,0.0047051,0.002719544,0.029397754,0.0027790929,0.01018565,0.006265053,0.0033117551
633,0.017239828,0.007176974,0.06087859,0.031264845,0.09452183,0.02058517,0.013596334,0.092759006,0.01855088,0.03524525,0.058750894,0.019468231
634,0.03165865,0.019343643,0.24667983,0.04368599,0.19080365,0.07398175,0.015818035,0.28019023,0.04263115,0.05246044,0.26764673,0.090306446
635,0.013778202,0.008023971,0.05106322,0.027875982,0.058580246,0.010650184,0.0121279815,0.10290604,0.01650398,0.033391725,0.038857553,0.029891463
636,0.01434845,0.006640436,0.04944047,0.019829022,0.076543055,0.012938352,0.010516059,0.07298785,0.019607183,0.027381562,0.025005627,0.015526057
637,0.0077888416,0.0038141771,0.003946692,0.0044608624,0.03366888,0.0057475646,0.0032801349,0.040789727,0.0045688953,0.013106342,0.0065375054,0.004638373
638,0.016755674,0.007718366,0.12423378,0.019502554,0.094044864,0.015785836,0.007997432,0.10545816,0.022389181,0.021625092,0.04977295,0.026842369
639,0.012417456,0.0064423345,0.008353341,0.009579555,0.04710462,0.009767868,0.006617333,0.056148306,0.008522066,0.02153767,0.013156661,0.008257953
640,0.02489352,0.012022408,0.08126263,0.0883096,0.14063749,0.040836684,0.022834059,0.162619,0.018074933,0.05710939,0.23462102,0.040262077
641,0.006416209,0.0021347702,0.029828494,0.0049453196,0.043413214,0.0043603177,0.002428153,0.040301513,0.007628228,0.0096478155,0.00866177,0.0060101184
642,0.02910736,0.016786946,0.19257247,0.06222373,0.11875505,0.03144977,0.025456445,0.19580393,0.040428516,0.05717932,0.15441605,0.0777489
643,0.021397626,0.008812084,0.030954244,0.033345222,0.08849624,0.018754734,0.011037296,0.07945651,0.011576948,0.030282805,0.05626615,0.0157932
644,0.012159347,0.0069565913,0.0040518665,0.022950308,0.0546638,0.017546238,0.014172339,0.071886905,0.0059215436,0.045748863,0.033817936,0.008848053
645,0.009185901,0.0034346697,0.0036872905,0.012631394,0.041960496,0.008815541,0.005246538,0.04289257,0.002797228,0.01938922,0.021033818,0.0045809494
646,0.015792578,0.015296842,0.015042701,0.017706368,0.05947259,0.020881388,0.018534338,0.13694803,0.0273831,0.060674705,0.029298835,0.028344002
647,0.015165364,0.0070534945,0.09472489,0.017679492,0.078624845,0.012764018,0.0071252696,0.10045061,0.01686885,0.019134367,0.044779107,0.024596347
648,0.013228205,0.006083779,0.03443601,0.008732687,0.03631076,0.015165094,0.016617425,0.14172259,0.01606023,0.08962296,0.09476479,0.043014802
649,0.012345528,0.0067285257,0.0057605417,0.028522283,0.05385449,0.018120473,0.014952156,0.08135943,0.0068444293,0.047923423,0.044581745,0.01054608
650,0.006748073,0.0022479037,0.02674876,0.0066580926,0.04779775,0.004684343,0.0029163477,0.03899088,0.006861542,0.010034254,0.011145217,0.0058826073
651,0.026152132,0.0126401745,0.16672768,0.051685955,0.16268699,0.041498158,0.017594265,0.14816047,0.035230264,0.041559402,0.13034257,0.039985217
652,0.0032367648,0.0013645632,0.003179239,0.001055571,0.023788609,0.0021234823,0.0009272326,0.022893835,0.0031151476,0.0045660664,0.0015306219,0.0020182042
653,0.104207315,0.052421346,0.02698442,0.08137335,0.1669055,0.062244963,0.023557458,0.13027021,0.016447898,0.050665703,0.14217934,0.042545546
654,0.009369933,0.0030907262,0.004979897,0.007972174,0.042159505,0.007609624,0.0035594297,0.037242368,0.0031302362,0.013663563,0.014089755,0.003879994
655,0.012911378,0.0073422007,0.0068241907,0.0119419815,0.044844974,0.011211421,0.0071588024,0.06976014,0.0071591004,0.02545893,0.020174557,0.009658775
656,0.009918089,0.0044884807,0.03869945,0.03711275,0.06590566,0.012170371,0.014618267,0.08671113,0.012553524,0.04160504,0.06244946,0.017655857
657,0.5841965,0.5036744,0.011194746,0.12771548,0.39104602,0.21852492,0.021831347,0.3511355,0.017671958,0.04989655,0.23923269,0.07764713
658,0.022563405,0.010854898,0.12184538,0.04148317,0.118049674,0.02358229,0.011993512,0.13952562,0.022313945,0.029407557,0.10117561,0.036109485
659,0.006856734,0.0021683532,0.022954093,0.009852884,0.04413418,0.005834117,0.003583034,0.046645544,0.0055129826,0.012762701,0.019660605,0.00616751
660,0.015763486,0.0076043685,0.04463297,0.020802619,0.086570755,0.016721772,0.011524787,0.081389464,0.019881494,0.03043759,0.033137012,0.015408695
661,0.013289817,0.008725149,0.009722487,0.00814217,0.050700016,0.011663692,0.00782378,0.07355522,0.0136645585,0.025347328,0.010182549,0.012102666
662,0.013209377,0.004194021,0.033516888,0.019036224,0.09092582,0.013943812,0.0063450336,0.057274234,0.0091604255,0.022177335,0.0403064,0.009031872
663,0.007716836,0.0031263402,0.0020653238,0.011395362,0.0390247,0.008125412,0.0052923197,0.037479058,0.002139295,0.019626338,0.016555171,0.0034420139
664,0.019969642,0.009696147,0.14484902,0.0651948,0.104248784,0.02265063,0.02401026,0.14920726,0.030108307,0.05887468,0.13904643,0.051295202
665,0.012229899,0.0048252866,0.070459545,0.008958658,0.0408189,0.014585388,0.008835663,0.10580769,0.016096741,0.05217441,0.06473142,0.029401159
666,0.6623337,0.5908458,0.030158043,0.14304246,0.46022812,0.27992147,0.027566435,0.39138836,0.050418556,0.06602825,0.23230806,0.13714232
667,0.01815946,0.008406127,0.11001841,0.025204714,0.08497309,0.015912341,0.0107442,0.11575347,0.024606993,0.029813929,0.056632195,0.030876545
668,0.035267793,0.019754998,0.31899023,0.09840741,0.22418499,0.07294531,0.030580318,0.24510641,0.06441223,0.06730594,0.2861951,0.084607504
669,0.77026147,0.7119614,0.0052176053,0.08254631,0.7234994,0.5430205,0.010318579,0.39165726,0.010079723,0.036933295,0.17484464,0.05309601
670,0.027680553,0.01575853,0.3240824,0.10816372,0.16473754,0.046040375,0.039924912,0.22467293,0.06446369,0.08660114,0.25930974,0.09365831
671,0.030103594,0.018792342,0.20731634,0.08085729,0.117798015,0.031859346,0.034371793,0.20960118,0.04763478,0.07366532,0.1755023,0.09077395
672,0.01856521,0.009582393,0.121144764,0.023212742,0.09045424,0.017663393,0.011831693,0.11661752,0.03170883,0.033531453,0.04825958,0.033809494
673,0.06642115,0.063670605,0.60434985,0.17138283,0.51399314,0.3860542,0.07109891,0.52553105,0.19334504,0.17748757,0.60331917,0.28148752
674,0.009142007,0.004738314,0.0042596017,0.009104186,0.040470142,0.008601113,0.0057819677,0.04547772,0.0049775466,0.020616598,0.011099516,0.005583445
675,0.036734715,0.03395511,0.19681482,0.15628192,0.14795114,0.052356187,0.070066,0.26404116,0.06829171,0.1318158,0.23977986,0.139885
676,0.017928323,0.010442243,0.108462006,0.03306258,0.07118406,0.021118958,0.013552004,0.20798431,0.017958345,0.043712404,0.17089903,0.07174419
677,0.013276767,0.006844024,0.058517337,0.016776089,0.057890955,0.010901099,0.005416326,0.12750034,0.009850354,0.01898337,0.06491393,0.032165334
678,0.0045987833,0.0021248893,0.0043861433,0.001743236,0.02963721,0.003018779,0.0013612548,0.029191066,0.0041570095,0.006215187,0.0023520254,0.0030520905
679,0.012670066,0.006002227,0.11842073,0.031294413,0.07901436,0.0151637625,0.01247171,0.14087488,0.022811132,0.038494043,0.08681375,0.036890976
680,0.010265293,0.0038491786,0.026409715,0.027529338,0.064690694,0.011768151,0.008395135,0.07639061,0.00828331,0.02603539,0.049465038,0.011930493
681,0.01694793,0.008859744,0.078514054,0.05541261,0.09142519,0.021442795,0.024085673,0.13095433,0.024611812,0.06307533,0.10637715,0.032330927
682,0.0035174834,0.0010027995,0.0009557165,0.004485573,0.024591586,0.004021691,0.0015776993,0.0239925,0.0006787559,0.008555074,0.010928351,0.001314233
683,0.013516238,0.0053225453,0.09110524,0.012400854,0.079739824,0.01124858,0.0066290786,0.071224004,0.023212466,0.020233685,0.022639148,0.015390006
684,0.0125801675,0.0053844913,0.060905803,0.015997726,0.06542891,0.009671815,0.0054431222,0.082215294,0.010758868,0.015732715,0.03719587,0.017621236
685,0.013682597,0.0077816113,0.08446163,0.032136958,0.061871987,0.01234361,0.012307295,0.13487719,0.0174576,0.03531996,0.067332886,0.04146814
686,0.013740737,0.0069062444,0.008164562,0.0065063806,0.04348423,0.008477303,0.0046053207,0.05582489,0.007089708,0.016833026,0.010829022,0.009568813
687,0.010101682,0.033915855,0.014475186,0.009742556,0.057035625,0.049770266,0.057137445,0.3714957,0.06851523,0.17793477,0.07410034,0.10017392
688,0.014528368,0.0053599775,0.14760032,0.03740622,0.17632475,0.041511636,0.011009972,0.12544388,0.02551042,0.03578271,0.12821436,0.022438413
689,0.008834794,0.0032107471,0.0027454265,0.012902285,0.04198731,0.008443195,0.005312278,0.03693237,0.0021648605,0.019859351,0.021240423,0.0036827496
690,0.008157375,0.004704301,0.0060508396,0.0032990715,0.037111755,0.0061564804,0.0031460526,0.05323766,0.0074335923,0.013309596,0.0056795646,0.0072216927
691,0.6456356,0.5484008,0.0069107,0.102131814,0.68264925,0.52689135,0.015181305,0.3685659,0.010356187,0.05322979,0.22465046,0.047669426
692,0.0038488496,0.0017186005,0.0037408045,0.0015046564,0.027045779,0.0025338081,0.0011079827,0.026215283,0.0033991702,0.0051971376,0.0019539022,0.002571658
693,0.0123861525,0.005436384,0.0833804,0.04051728,0.07891693,0.013699956,0.01370691,0.112412125,0.019445771,0.036913034,0.07443901,0.024006534
694,0.012936117,0.006491335,0.057075977,0.041477628,0.0677364,0.013944725,0.015354914,0.10576665,0.0142223,0.0467378,0.08059473,0.026760785
695,0.015364736,0.007826871,0.039099175,0.03102021,0.06954753,0.014289421,0.013983717,0.095001474,0.01565164,0.03880962,0.051003538,0.022849632
696,0.023328623,0.01339525,0.15458645,0.058371928,0.09742096,0.024289507,0.020303143,0.19367443,0.02585181,0.05167509,0.17865081,0.07815657
697,0.021520538,0.009606095,0.100581974,0.040028803,0.12436774,0.027012998,0.013838788,0.121407084,0.021694044,0.036402214,0.10241088,0.0304628
698,0.020246465,0.01305858,0.24135236,0.06756596,0.089069486,0.044243794,0.049524207,0.3312448,0.043884505,0.15966137,0.43893242,0.16351473
699,0.043902826,0.03617819,0.5342716,0.100317135,0.47733468,0.2983057,0.03865968,0.41048494,0.13389622,0.11634095,0.45512554,0.16997823
700,0.040309858,0.025079327,0.45319718,0.10407674,0.32236436,0.12621559,0.037121546,0.26865426,0.1135775,0.07756176,0.28659487,0.09996091
701,0.010666153,0.007618156,0.014973816,0.0035398803,0.04011031,0.012638717,0.005544903,0.091508046,0.014580565,0.024002714,0.012819205,0.012755788
702,0.0036346966,0.0017496794,0.004675727,0.0013789829,0.027780937,0.0026003974,0.0011552635,0.02733685,0.004292245,0.005464328,0.0018183007,0.0027649426
703,0.00528982,0.0026464902,0.0047873002,0.0019556037,0.030905245,0.0037696054,0.0018092394,0.034718562,0.0053234617,0.008004342,0.0028730251,0.0037472432
704,0.0080116,0.0031232254,0.0016955069,0.0036716491,0.032416336,0.003939368,0.0019742684,0.024644297,0.001773415,0.008037015,0.0045976155,0.0026334643
705,0.01495701,0.008152905,0.082507186,0.038668472,0.06699133,0.012983755,0.01423779,0.123938255,0.016938575,0.03591578,0.07329109,0.036789365
706,0.03389177,0.021807196,0.296927,0.08192694,0.15055476,0.060108185,0.03505375,0.3289584,0.054830056,0.095437996,0.36475578,0.15663613
707,0.00886364,0.029200546,0.011759692,0.0092062205,0.053829435,0.033795096,0.042358015,0.31068873,0.05253995,0.13594212,0.048999835,0.07203328
708,0.051610433,0.027272088,0.011907406,0.043750603,0.08946569,0.025011638,0.015541592,0.0876979,0.0088858735,0.034179043,0.04869481,0.025911648
709,0.0076408465,0.0038831409,0.004366103,0.00410703,0.034457088,0.005697576,0.0031757215,0.04172004,0.0052868933,0.012683937,0.00559917,0.0049285498
710,0.018906686,0.01068517,0.067322716,0.033849478,0.07485485,0.01625814,0.01079464,0.13788912,0.013979483,0.028898219,0.090005435,0.037498634
711,0.031908818,0.016438497,0.20909709,0.07754795,0.17850566,0.051024847,0.024181927,0.19366725,0.042341307,0.054207288,0.20905083,0.060170576
712,0.033681173,0.021541001,0.39589873,0.06824212,0.31236166,0.1302373,0.026746372,0.29802427,0.08768967,0.0759987,0.29187122,0.10315306
713,0.028424732,0.015164374,0.1106842,0.09027906,0.15449855,0.045433942,0.026664397,0.1796049,0.027246274,0.06193009,0.21974422,0.051430628
714,0.008079631,0.0023225734,0.0018927465,0.011654378,0.038347833,0.006384959,0.0033667167,0.028666966,0.0010340671,0.013548702,0.021996642,0.0027034509
715,0.06105603,0.023833796,0.010450356,0.046004817,0.10835347,0.03133529,0.012562908,0.08333382,0.005062325,0.031196196,0.08053019,0.01769138
716,0.012178531,0.0052244556,0.003046966,0.013384333,0.04212938,0.009107236,0.0075753233,0.042222507,0.002791901,0.028230892,0.024227465,0.005466845
717,0.020792564,0.009677362,0.18010414,0.039995614,0.12523304,0.027798047,0.012509369,0.14846489,0.027737329,0.031368453,0.12550998,0.03748766
718,0.02141971,0.00945861,0.04411354,0.041537553,0.08592444,0.020570094,0.014820102,0.10078243,0.015424111,0.038519233,0.07053649,0.024024365
719,0.015311947,0.00675891,0.026754986,0.015662642,0.061698027,0.013065347,0.008561803,0.07252924,0.014409697,0.026769945,0.025635868,0.012027432
720,0.0057770577,0.0017562413,0.041183535,0.022411363,0.06480013,0.011346229,0.0049763564,0.07415347,0.004287298,0.018394254,0.09852512,0.009840285
721,0.014451417,0.0052494905,0.015136812,0.061718185,0.083063506,0.024295323,0.015805265,0.08883534,0.005673969,0.048350163,0.14021553,0.013646043
722,0.02588739,0.0133410115,0.23782441,0.047605626,0.16976015,0.039510168,0.018624319,0.15192482,0.048321288,0.040758573,0.11814853,0.04668426
723,0.012913409,0.008061016,0.008307564,0.011243437,0.04686584,0.011366563,0.0080743255,0.07399932,0.009924244,0.02697595,0.016360596,0.011448736
724,0.006826221,0.0027223623,0.0037361584,0.0025159065,0.033400923,0.0035884771,0.001725865,0.02644325,0.0035566755,0.007339494,0.0030439848,0.0030513173
725,0.011132596,0.0058618975,0.004735189,0.014729519,0.046485912,0.011485758,0.008498629,0.05710261,0.005666261,0.028582515,0.019423144,0.0074731424
726,0.003355449,0.0014197985,0.0032110158,0.001237077,0.024912653,0.002162108,0.00093016855,0.023242889,0.002945006,0.004489661,0.0016127802,0.002152276
727,0.028865779,0.01640401,0.23292838,0.039736986,0.16088232,0.04142969,0.015728582,0.17000633,0.047122564,0.036724314,0.11515446,0.05143768
728,0.027893903,0.01718344,0.35418457,0.12600456,0.24440853,0.085417986,0.041292258,0.30362892,0.060220905,0.110825874,0.40519735,0.12906466
729,0.017065693,0.0070418455,0.10752764,0.034836728,0.10223394,0.017857894,0.012471428,0.10920767,0.02302165,0.03183222,0.07368419,0.025852213
730,0.0118648885,0.0057792487,0.0062704077,0.010441603,0.04563767,0.008712776,0.0061137346,0.046657592,0.006011378,0.020253778,0.012532812,0.006631943
731,0.0066970433,0.0045821997,0.015744269,0.0026005334,0.036664497,0.006730578,0.0022362384,0.068992354,0.008418962,0.011266222,0.007424482,0.007588106
732,0.004441524,0.0024774866,0.0045811757,0.0011148024,0.027330006,0.0037289914,0.001492268,0.03152272,0.0048925416,0.008667357,0.0025651336,0.0041058916
733,0.018245293,0.009791594,0.09217998,0.024208149,0.085202366,0.018587599,0.010433628,0.1415486,0.022750016,0.031218307,0.064932354,0.036779575
734,0.6140845,0.6222469,0.021175165,0.12902124,0.7241672,0.5902596,0.019757163,0.47516993,0.026298845,0.06868328,0.35026348,0.12273501
735,0.033339713,0.02111702,0.25798976,0.08063467,0.1309811,0.040915914,0.034317072,0.25810096,0.054466415,0.07820255,0.23650818,0.11898948
736,0.039200656,0.03224669,0.57014555,0.1057427,0.49632612,0.29271242,0.037303016,0.40077716,0.13596499,0.11330861,0.4464365,0.16294433
737,0.0071412204,0.0029466206,0.003038826,0.005629344,0.032984067,0.0056207986,0.0030827557,0.03645983,0.0029783212,0.012285502,0.0083321845,0.0037314084
738,0.041808665,0.032825902,0.4995037,0.077931955,0.43002272,0.2564666,0.03131152,0.3368586,0.120895654,0.10014174,0.3374281,0.12525603
739,0.005400972,0.0015203159,0.018053666,0.0081782965,0.035524085,0.0041085924,0.0026307853,0.03696192,0.0034348362,0.009643448,0.016017254,0.005026513
740,0.30867836,0.21140839,0.02197103,0.09866733,0.21797529,0.084792376,0.023742957,0.21746424,0.019574605,0.046518333,0.13647047,0.084935024
741,0.017143615,0.008354202,0.1446541,0.051490366,0.09059327,0.020261912,0.019356089,0.15848435,0.025900956,0.05230351,0.14214224,0.054016564
742,0.014647769,0.01581534,0.010852471,0.007192664,0.043751847,0.036693282,0.05139121,0.29451272,0.037974946,0.20601335,0.14873123,0.10405645
743,0.015884507,0.0072252075,0.13911411,0.034939397,0.11222756,0.032600164,0.02003288,0.16346447,0.031433724,0.07951476,0.15077838,0.049298108
744,0.00513946,0.0015934858,0.0009510639,0.0084811,0.034184277,0.0061024795,0.003273983,0.025037192,0.00079096004,0.014825456,0.016637143,0.0015629089
745,0.011803939,0.0065209176,0.005732363,0.016629033,0.045935374,0.01294526,0.009561264,0.07188368,0.00688574,0.032648824,0.025097253,0.009434378
746,0.010480958,0.0038102202,0.06658858,0.013418883,0.05942213,0.007691239,0.0051229387,0.06632383,0.010876868,0.014855879,0.028748484,0.014293424
747,0.0071760938,0.0026828402,0.05657196,0.006181713,0.05309087,0.00674505,0.0020528485,0.07549045,0.00656336,0.008867197,0.03153571,0.011236744
748,0.0061360854,0.0023137785,0.0017348957,0.008640747,0.033075385,0.0066757863,0.0035112114,0.036097884,0.0015479001,0.014960487,0.0158209,0.002918782
749,0.17357266,0.11622595,0.037554875,0.071966596,0.17812183,0.058056083,0.017096324,0.19491638,0.023799751,0.0375653,0.14119235,0.09262023
750,0.10592338,0.074426346,0.11647043,0.18125649,0.18804707,0.08296817,0.07384723,0.24789679,0.060104642,0.12222745,0.27309772,0.14650187
751,0.6199539,0.6443296,0.0016991638,0.07560622,0.8220064,0.7428188,0.007278217,0.4510795,0.0032901403,0.042705264,0.30092928,0.029310819
752,0.0385421,0.034095425,0.55840814,0.16455236,0.48677346,0.2945752,0.052725513,0.4468344,0.13878351,0.13992465,0.5503589,0.19035812
753,0.0044614067,0.0018630419,0.0025855508,0.0013598326,0.026989972,0.002438364,0.001017566,0.023066446,0.0026802004,0.0048286607,0.0017469225,0.0022128136
754,0.1412312,0.10692982,0.09099413,0.16829117,0.22577085,0.105581634,0.060406033,0.26361066,0.055462107,0.10403896,0.28128424,0.14446443
755,0.012541045,0.005172813,0.0045753843,0.0182151,0.054293364,0.012321956,0.009137834,0.04733118,0.004093095,0.03112711,0.02869647,0.0056218514
756,0.008894705,0.0034852852,0.0010142708,0.015843963,0.04482251,0.010756183,0.0058378237,0.035558123,0.0009758101,0.022176374,0.030045059,0.0028330754
757,0.0273674,0.015017725,0.27393275,0.04510398,0.23511761,0.07852632,0.015205392,0.24936394,0.045657396,0.048785914,0.24781075,0.07371056
758,0.011229403,0.0062002814,0.0059604924,0.010635197,0.044918828,0.011194107,0.0076424666,0.061860744,0.007439195,0.02623503,0.015683616,0.007967025
759,0.030077731,0.034686223,0.21867086,0.14678231,0.12948039,0.07138692,0.11061779,0.36326358,0.06581816,0.20472835,0.45885378,0.21779673
760,0.011691604,0.010855056,0.013250139,0.006197415,0.05186776,0.014588192,0.0090499725,0.114743866,0.024998043,0.03679615,0.01418109,0.022106104
761,0.0042393967,0.0024068053,0.020151665,0.0018068658,0.019191017,0.0051263063,0.0017398983,0.03436895,0.003879732,0.013903071,0.008445283,0.0051933182
762,0.00957677,0.0038239097,0.024175087,0.012543644,0.044590324,0.0061682113,0.0047245445,0.056513116,0.006663008,0.014596523,0.019956939,0.010606772
763,0.03140825,0.020350294,0.4457965,0.099831805,0.2945706,0.12657182,0.03874457,0.3672414,0.07664735,0.12512916,0.44893512,0.1807177
764,0.04007789,0.02322221,0.19579118,0.064673215,0.18909708,0.062158708,0.017573953,0.25807032,0.0386681,0.045939773,0.26251966,0.07845132
765,0.007021573,0.0048434073,0.0010180813,0.023750287,0.035434183,0.015285714,0.017516531,0.077029966,0.0021592418,0.059699412,0.055709623,0.0074382867
766,0.011534155,0.003628899,0.04161679,0.014592893,0.0832642,0.011966571,0.0057182075,0.053670388,0.01140224,0.018621761,0.030130101,0.007615467
767,0.029481372,0.01440403,0.22756316,0.068976186,0.17385975,0.043297447,0.020640561,0.17943744,0.039718796,0.04666106,0.1910962,0.05937676
768,0.020446416,0.009753111,0.14399973,0.035939522,0.10488577,0.021857444,0.011659383,0.14362353,0.022875836,0.029974503,0.1105747,0.037847664
769,0.038223587,0.024204621,0.30963507,0.110889606,0.22935827,0.08382751,0.036404666,0.27158538,0.06837528,0.07424176,0.3217836,0.09683322
770,0.6856625,0.5726519,0.008177646,0.08816838,0.44058,0.23437488,0.013329336,0.30315676,0.0131627545,0.032290068,0.152067,0.05900969
771,0.016780833,0.01174439,0.017903732,0.008872538,0.052840162,0.01801599,0.009477339,0.11320495,0.017398605,0.032442253,0.022632001,0.018234834
772,0.0085919695,0.003692937,0.0015526002,0.012262569,0.0419768,0.010025481,0.0061141313,0.04042771,0.0017714688,0.024996892,0.02244065,0.003313939
773,0.004205068,0.0014964901,0.003170925,0.0016728258,0.025299296,0.0023642764,0.0011043446,0.022829708,0.0025690796,0.005078974,0.0023367016,0.0021919643
774,0.013354382,0.012966755,0.011480799,0.015003067,0.049817763,0.016334236,0.015061009,0.13656841,0.02092002,0.052184872,0.027179593,0.027894452
775,0.016625281,0.006894592,0.044641197,0.034170758,0.08328728,0.015809834,0.008835771,0.096058734,0.010068434,0.024333008,0.07002559,0.019656934
776,0.126481,0.06858059,0.00557179,0.03812271,0.13606258,0.037140094,0.010958357,0.08356484,0.0056218836,0.024596946,0.04575705,0.022002196
777,0.003272015,0.0013399407,0.0028948286,0.0011387006,0.023803059,0.0020620476,0.0008883803,0.022727987,0.0027741997,0.004313297,0.0015450639,0.0020046895
778,0.14147092,0.072971575,0.0055038873,0.07475675,0.21349269,0.092952,0.015759742,0.13556948,0.004425768,0.04463049,0.16295815,0.020533584
779,0.008490271,0.0035160047,0.0033509203,0.014816335,0.04608045,0.009410549,0.0053600664,0.046312675,0.0027154011,0.019440666,0.020479757,0.004530769
780,0.009829995,0.0055268295,0.010949328,0.0038765161,0.0400016,0.008066641,0.003932029,0.065258026,0.0098250955,0.017119111,0.009437293,0.010346636
781,0.006765225,0.004248878,0.0044806846,0.0016132972,0.027183749,0.0064473203,0.0027827013,0.056117997,0.0062084603,0.017570905,0.006928529,0.009479116
782,0.011893965,0.011377923,0.027048338,0.009688793,0.062281054,0.014604913,0.008656728,0.106882535,0.027353523,0.033912778,0.014879395,0.021009283
